"Name","-"
"String","int"
"Patrick Almgren",
"Mauritz Bart",
"Johannes Cole",
"Niko Derome",
"Anders Ehrenborg",
"Visa Forsten",
"Jon Franzas",
"Timur Haussila",
"Jess Hollmeier",
"Hrvoje Horbec",
"Daniel Iosca",
"Tomi Joki-Korpela",
"Olli Juutilainen",
"Sami Kalliokoski",
"Matti Kemppainen",
"Terje Koskinen",
"Mikko Lehtonen",
"Ilkka Leino",
"Jonne Loikkanen",
"Taneli Oksama",
"Jari Paananen",
"Martin Schjøler",
"Jarno Seppänen",
"Timothy Smith",
"Antti Summala",
"Touko Tahkokallio",
"Sami Timonen",
"Veli Vainio",
"Kustaa Vuori",
"_",
