"Name","Dependencies","Deprecated","OpenAchievements","ClearObstacleIndex","ClearObstacleName","BuildBuilding","BuildBuildingLevel","BuildBuildingCount","DefendNPC","AttackNPC","AttackPlayer","ChangeName","SetName","NameSetReady","Delay","TrainTroops","ShowMap","TutorialText","TutorialStep","Darken","TutorialTextBox","SpeechBubble","AbilityName","RightAlignTextBox","ButtonText","TutorialMusic","TutorialSound","RewardResourceCount","RewardXP","RewardTroop","RewardTroopCount","CustomData","TriggerAtTownHallLevel","TriggerAtNodeTypeFound","TriggerAtRegionIndexExplored","TriggerAtRegionIndexLiberated","TriggerAtNodeIndexLiberated","MapRoomTutorial","ArtifactTutorial","ResourceShipTutorial","InvasionTutorial","BaseAttackedTutorial","TriggerAtEventSpawn","TriggerAtEventWin","LastStepTutorial","SculptorTutorial"
"String","String","boolean","boolean","int","String","String","int","int","String","String","boolean","boolean","boolean","boolean","int","int","boolean","String","int","boolean","String","String","String","boolean","String","String","String","String","int","String","int","int","int","String","int","int","int","boolean","boolean","boolean","boolean","boolean","String","String","boolean","boolean"
"change your name",,,,,,,,,,,,"true",,,2500,,,"TID_TUTORIAL_WELCOME_1",,"true","tutorial_friendly_male","bubble_no_button_left",,"false",,"music/urgent_welcome_01.mp3","sfx/tutor_no_talk_woop_01.wav",,,,,,,,,-1,,,,,,,,,,
,,,,,,,,,,,,,,,,,,"TID_TUTORIAL_WELCOME_2",,"true","tutorial_friendly_male","bubble_no_button_left",,"false",,,"sfx/tutor_no_talk_woop_01.wav",,,,,,,,,-1,,,,,,,,,,
,,,,,,,,,,,,,,,,,,"TID_TUTORIAL_CHANGE_NAME",,"true","tutorial_friendly_male","bubble_no_button_left",,"false",,,"sfx/tutor_no_talk_woop_01.wav",,,,,,,,,-1,,,,,,,,,,
"good choice","change your name",,,,,,,,,,,,,,2500,,,"TID_TUTORIAL_WELCOME_1",,"true","tutorial_friendly_male","bubble_no_button_left",,"false",,"music/urgent_welcome_01.mp3","sfx/tutor_no_talk_woop_01.wav",,,,,,,,,-1,,,,,,,,,,
,,,,,,,,,,,,,,,,,,"TID_TUTORIAL_WELCOME_2",,"true","tutorial_friendly_male","bubble_no_button_left",,"false",,,"sfx/tutor_no_talk_woop_01.wav",,,,,,,,,-1,,,,,,,,,,
"step guard tower","good choice",,,,,"Guard Tower",1,1,,,,,,,2000,,,"TID_TUTORIAL_GUARD_TOWER_1",,"true","tutorial_friendly_male","bubble_no_button_left",,"false",,,"sfx/tutor_no_talk_woop_01.wav",,,,,,,,,-1,,,,,,,,,,
,,,,,,,,,,,,,,,,,,"TID_TUTORIAL_GUARD_TOWER_2",,"true","tutorial_friendly_male","bubble_no_button_left",,"false",,,"sfx/tutor_no_talk_woop_01.wav",,,,,,,,,-1,,,,,,,,,,
"step2 defend","step guard tower",,,,,,,,"tutorial1",,,,,,1000,,,"TID_TUTORIAL_GUARD_TOWER_3",,"true","tutorial_friendly_male","bubble_no_button_left",,"false",,,"sfx/tutor_no_talk_woop_01.wav",,,,,,,,,-1,,,,,,,,,,
,,,,,,,,,,,,,,,,,,"TID_TUTORIAL_DEFEND_1",,"true","tutorial_enemy","bubble_no_button_right",,"true",,"music/gob_attack.mp3","sfx/nasty_talk_01.wav",,,,,,,,,-1,,,,,,,,,,
,,,,,,,,,,,,,,,,,,"TID_TUTORIAL_DEFEND_2",,"true","tutorial_enemy","bubble_no_button_right",,"true",,,"sfx/nasty_talk_01.wav",,,,,,,,,-1,,,,,,,,,,
,,,,,,,,,,,,,,,,,,"TID_TUTORIAL_DEFEND_WATCH",1,"true","tutorial_friendly_male","bubble_with_button_left",,"false","TID_TUTORIAL_DEFEND_BUTTON",,"sfx/tutor_no_talk_woop_01.wav",,,,,,,,,-1,,,,,,,,,,
"step3 defend","step2 defend",,,,,,,,,,,,,,700,,,"TID_TUTORIAL_DEFEND_3",,"true","tutorial_enemy","bubble_no_button_right",,"true",,"music/general_lost_01.mp3","sfx/nasty_talk_01.wav",,,,,,,,,-1,,,,,,,,,,
"train troops1","step3 defend",,,,,,,,,,,,,,,5,,"TID_TUTORIAL_PREPARE_WAR1",,"true","tutorial_friendly_male","bubble_no_button_left",,"false",,"music/battle_won_01.mp3","sfx/tutor_no_talk_woop_01.wav",,,,,,,,,-1,,,,,,,,,,
,,,,,,,,,,,,,,,,,,"TID_TUTORIAL_PREPARE_WAR2",,"true","tutorial_friendly_male","bubble_no_button_left",,"false",,,"sfx/tutor_no_talk_woop_01.wav",,,,,,,,,-1,,,,,,,,,,
,,,,,,,,,,,,,,,,,,"TID_TUTORIAL_TRAIN_1",,"true","tutorial_friendly_male","bubble_no_button_left",,"false",,,"sfx/tutor_no_talk_woop_01.wav",,,,,,,,,-1,,,,,,,,,,
"step new boat","train troops1",,,,,"Boat",1,2,,,,,,,800,,,"TID_TUTORIAL_LANDING_BOAT_1",,"true","tutorial_friendly_male","bubble_no_button_left",,"false",,,"sfx/tutor_no_talk_woop_01.wav",,,,,,,,,-1,,,,,,,,,,
"train troops2","step new boat",,,,,,,,,,,,,,,10,,"TID_TUTORIAL_TRAIN_2",,"true","tutorial_friendly_male","bubble_no_button_left",,"false",,,"sfx/tutor_no_talk_woop_01.wav",,,,,,,,,-1,,,,,,,,,,
"step3 first attack","train troops2",,,,,,,,,"tutorial1",,,,,,,"true","TID_TUTORIAL_ATTACK_NPC_1",,"true","tutorial_troop_assault","bubble_no_button_left",,"false",,,"sfx/tutor_no_talk_woop_01.wav",,,,,0,,,,-1,,,,,,,,,,
"tutorial end","step3 first attack",,,,,,,,,,,,,,1500,,,"TID_TUTORIAL_TUTORIAL_END_1",,"true","tutorial_friendly_male","bubble_no_button_left",,"false",,,"sfx/tutor_no_talk_woop_01.wav",,,,,,,,,-1,,,,,,,,,,
,,,,,,,,,,,,,,,,,,"TID_TUTORIAL_TUTORIAL_END_1_2",,"true","tutorial_friendly_male","bubble_no_button_left",,"false",,,"sfx/tutor_no_talk_woop_01.wav",,,,,,,,,-1,,,,,,,,,,
"outpost","tutorial end",,,,,,,,,,,,,,300,,,"TID_TUTORIAL_OUTPOST_1",,"true","tutorial_friendly_male","bubble_no_button_left",,"false",,"music/fem_talk.mp3","sfx/tutor_no_talk_woop_01.wav",,,,,,,"npc_outpost",,-1,,,,,,,,,,
,,,,,,,,,,,,,,,,,,"TID_TUTORIAL_OUTPOST_2",,"true","tutorial_friendly_male","bubble_no_button_left",,"false",,,"sfx/tutor_no_talk_woop_01.wav",,,,,,,,,-1,,,,,,,,,,
"player base","tutorial end",,,,,,,,,,,,,,300,,,"TID_TUTORIAL_PLAYER_BASE_1",,"true","tutorial_friendly_male","bubble_no_button_left",,"false",,"music/fem_talk.mp3","sfx/tutor_no_talk_woop_01.wav",,,,,,,"player_base",,-1,,,,,,,,,,
,,,,,,,,,,,,,,,,,,"TID_TUTORIAL_PLAYER_BASE_2",,"true","tutorial_friendly_male","bubble_no_button_left",,"false",,,"sfx/tutor_no_talk_woop_01.wav",,,,,,,,,-1,,,,,,,,,,
"player outpost","tutorial end",,,,,,,,,,,,,,,,,"TID_TUTORIAL_PLAYER_OUTPOST_1",,"true","tutorial_friendly_male","bubble_no_button_left",,"false",,"music/fem_talk.mp3","sfx/tutor_no_talk_woop_01.wav",,,,,,,"player_outpost",,-1,,,,,,,,,,
,,,,,,,,,,,,,,,300,,,"TID_TUTORIAL_PLAYER_OUTPOST_2",,"true","tutorial_friendly_male","bubble_no_button_left",,"false",,,"sfx/tutor_no_talk_woop_01.wav",,,,,,,,,-1,,,,,,,,,,
"first mystery fort found","tutorial end",,,,,,,,,,,,,,,,,"TID_TUTORIAL_BOSS_FOUND_1",,"true","tutorial_enemy","bubble_no_button_right",,"true",,"music/gob_attack.mp3","sfx/nasty_talk_01.wav",,,,,,,,23,-1,,,,,,,,,,
"first mystery fort destroyed","tutorial end",,,,,,,,,,,,,,,,,"TID_TUTORIAL_BOSS_BEATEN_1_A",,"true","tutorial_enemy","bubble_no_button_right",,"true",,"music/gob_attack.mp3","sfx/nasty_talk_01.wav",,,,,,,,,23,0,,,,,,,,,
,,,,,,,,,,,,,,,300,,,"TID_TUTORIAL_BOSS_BEATEN_1_B",,"true","tutorial_enemy","bubble_no_button_right",,"true",,,"sfx/tutor_no_talk_woop_01.wav",,,,,,,,,-1,,,,,,,,,,
"heavy troop unlocked","tutorial end",,,,,,,,,,,,,,500,,,"TID_TUTORIAL_INTRO_HEAVY_1",,"true","tutorial_troop_heavy","bubble_no_button_left",,"false",,,"sfx/tutor_no_talk_woop_01.wav",,,,,,2,,,-1,,,,,,,,,,
,,,,,,,,,,,,,,,,,,"TID_TUTORIAL_INTRO_HEAVY_2",,"true","tutorial_troop_heavy","bubble_no_button_left",,"false",,,"sfx/tutor_no_talk_woop_01.wav",,,,,,,,,-1,,,,,,,,,,
"bazooka troop unlocked","tutorial end",,,,,,,,,,,,,,500,,,"TID_TUTORIAL_INTRO_BAZOOKA",,"true","tutorial_troop_bazooka","bubble_no_button_left",,"false",,,"sfx/tutor_no_talk_woop_01.wav",,,,,,5,,,-1,,,,,,,,,,
"warrior troop unlocked","tutorial end",,,,,,,,,,,,,,500,,,"TID_TUTORIAL_INTRO_WARRIOR",,"true","tutorial_troop_warrior","bubble_no_button_left",,"false",,,"sfx/tutor_no_talk_woop_01.wav",,,,,,8,,,-1,,,,,,,,,,
"tank troop unlocked","tutorial end",,,,,,,,,,,,,,500,,,"TID_TUTORIAL_INTRO_TANK",,"true","tutorial_troop_tank","bubble_no_button_left",,"false",,,"sfx/tutor_no_talk_woop_01.wav",,,,,,11,,,-1,,,,,,,,,,
"map room","tutorial end",,,,,,,,,,,,,,1000,,,"TID_TUTORIAL_MAP_ROOM_1",,"true","tutorial_friendly_male","bubble_no_button_left",,"false",,,"sfx/tutor_no_talk_woop_01.wav",,,,,,,,,-1,,"true",,,,,,,,
,"tutorial end",,,,,,,,,,,,,,,,,"TID_TUTORIAL_MAP_ROOM_2",,"true","tutorial_friendly_male","bubble_ability_left","Map Room","false",,,"sfx/tutor_no_talk_woop_01.wav",,,,,,,,,-1,,,,,,,,,,
"FocusFire unlock","tutorial end",,,,,,,,,,,,,,,,,"TID_TUTORIAL_INTRO_FOCUS_FIRE_1",,"true","tutorial_friendly_male","bubble_ability_left","Flare","false",,,"sfx/tutor_no_talk_woop_01.wav",,,,,,3,,,-1,,,,,,,,,,
,,,,,,,,,,,,,,,,,,"TID_TUTORIAL_INTRO_FOCUS_FIRE_2",,"true","tutorial_friendly_male","bubble_no_button_left","Flare","false",,,"sfx/tutor_no_talk_woop_01.wav",,,,,,,,,-1,,,,,,,,,,
"HealingWave unlock","tutorial end",,,,,,,,,,,,,,,,,"TID_TUTORIAL_INTRO_HEALING_WAVE_1",,"true","tutorial_friendly_male","bubble_ability_left","Medkit","false",,,"sfx/tutor_no_talk_woop_01.wav",,,,,,4,,,-1,,,,,,,,,,
,,,,,,,,,,,,,,,,,,"TID_TUTORIAL_INTRO_HEALING_WAVE_2",,"true","tutorial_friendly_male","bubble_no_button_left","Medkit","false",,,"sfx/tutor_no_talk_woop_01.wav",,,,,,,,,-1,,,,,,,,,,
"Barrage unlock","tutorial end",,,,,,,,,,,,,,,,,"TID_TUTORIAL_INTRO_AIRSTRIKE_1",,"true","tutorial_friendly_male","bubble_ability_left","Airstrike","false",,,"sfx/tutor_no_talk_woop_01.wav",,,,,,10,,,-1,,,,,,,,,,
,,,,,,,,,,,,,,,,,,"TID_TUTORIAL_INTRO_AIRSTRIKE_2",,"true","tutorial_friendly_male","bubble_no_button_left","Airstrike","false",,,"sfx/tutor_no_talk_woop_01.wav",,,,,,,,,-1,,,,,,,,,,
"Stun unlock","tutorial end",,,,,,,,,,,,,,,,,"TID_TUTORIAL_INTRO_STUN",,"true","tutorial_friendly_male","bubble_ability_left","Stun","false",,,"sfx/tutor_no_talk_woop_01.wav",,,,,,7,,,-1,,,,,,,,,,
"liberation","tutorial end",,,,,,,,,,,,,,500,,,"TID_TUTORIAL_LIBERATION",,"true","tutorial_native_girl","bubble_no_button_left",,"false",,"music/fem_talk.mp3","sfx/tutor_no_talk_woop_01.wav",,,,,,,,,0,1,,,,,,,,,
"artifact","tutorial end",,,,,,,,,,,,,,500,,,"TID_TUTORIAL_ARTIFACT",,"true","tutorial_friendly_male","bubble_no_button_left",,"false",,"music/fem_talk.mp3","sfx/tutor_no_talk_woop_01.wav",,,,,,,,,-1,,,"true",,,,,,,
,,,,,,,,,,,,,,,,,,"TID_TUTORIAL_ARTIFACT_2",,"true","tutorial_friendly_male","bubble_no_button_left",,"false",,,"sfx/tutor_no_talk_woop_01.wav",,,,,,,,,-1,,,,,,,,,,
"resource ship","tutorial end",,,,,,,,,,,,,,500,,,"TID_TUTORIAL_RESOUCE_SHIP",,"true","tutorial_native_girl","bubble_no_button_left",,"false",,"music/fem_talk.mp3","sfx/tutor_no_talk_woop_01.wav",,,,,,,,,-1,,,,"true",,,,,,
,,,,,,,,,,,,,,,,,,"TID_TUTORIAL_RESOUCE_SHIP_2",,"true","tutorial_native_girl","bubble_no_button_left",,"false",,,"sfx/tutor_no_talk_woop_01.wav",,,,,,,,,-1,,,,,,,,,,
"invasion","tutorial end",,,,,,,,,,,,,,500,,,"TID_TUTORIAL_INVASION",,"true","tutorial_enemy","bubble_no_button_right",,"true",,"music/fem_talk.mp3","sfx/tutor_no_talk_woop_01.wav",,,,,,,,,-1,,,,,"true",,,,,
,,,,,,,,,,,,,,,,,,"TID_TUTORIAL_INVASION_2",,"true","tutorial_enemy","bubble_no_button_right",,"true",,,"sfx/tutor_no_talk_woop_01.wav",,,,,,,,,-1,,,,,,,,,,
"base attacked","tutorial end",,,,,,,,,,,,,,500,,,"TID_TUTORIAL_BASE_ATTACKED",,"true","tutorial_friendly_male","bubble_no_button_left",,"false",,"music/battle_lost_talk_01.mp3","sfx/tutor_no_talk_woop_01.wav",,,,,,,,,-1,,,,,,"true",,,,
,,,,,,,,,,,,,,,,,,"TID_TUTORIAL_BASE_ATTACKED_2",,"true","tutorial_friendly_male","bubble_no_button_left",,"false",,,"sfx/tutor_no_talk_woop_01.wav",,,,,,,,,-1,,,,,,,,,,
"second boss encounter","tutorial end",,,,,,,,,,,,,,,,,"TID_TUTORIAL_BOSS_FOUND_2",,"true","tutorial_enemy","bubble_no_button_right",,"true",,"music/gob_attack.mp3","sfx/nasty_talk_01.wav",,,,,,,,33,-1,,,,,,,,,,
"second boss defeated","tutorial end",,,,,,,,,,,,,,,,,"TID_TUTORIAL_BOSS_BEATEN_2_A",,"true","tutorial_enemy","bubble_no_button_right",,"true",,"music/gob_attack.mp3","sfx/nasty_talk_01.wav",,,,,,,,,33,1,,,,,,,,,
,,,,,,,,,,,,,,,300,,,"TID_TUTORIAL_BOSS_BEATEN_2_B",,"true","tutorial_enemy","bubble_no_button_right",,"true",,,"sfx/tutor_no_talk_woop_01.wav",,,,,,,,,-1,,,,,,,,,,
"third boss encounter","tutorial end",,,,,,,,,,,,,,,,,"TID_TUTORIAL_BOSS_FOUND_3",,"true","tutorial_enemy","bubble_no_button_right",,"true",,"music/gob_attack.mp3","sfx/nasty_talk_01.wav",,,,,,,,48,-1,,,,,,,,,,
"third boss defeated","tutorial end",,,,,,,,,,,,,,,,,"TID_TUTORIAL_BOSS_BEATEN_3_A",,"true","tutorial_enemy","bubble_no_button_right",,"true",,"music/gob_attack.mp3","sfx/nasty_talk_01.wav",,,,,,,,,48,0,,,,,,,,,
,,,,,,,,,,,,,,,300,,,"TID_TUTORIAL_BOSS_BEATEN_3_B",,"true","tutorial_enemy","bubble_no_button_right",,"true",,,"sfx/tutor_no_talk_woop_01.wav",,,,,,,,,-1,,,,,,,,,,
"fourth boss encounter","tutorial end",,,,,,,,,,,,,,,,,"TID_TUTORIAL_BOSS_FOUND_4",,"true","tutorial_enemy","bubble_no_button_right",,"true",,"music/gob_attack.mp3","sfx/nasty_talk_01.wav",,,,,,,,58,-1,,,,,,,,,,
"fourth boss defeated","tutorial end",,,,,,,,,,,,,,,,,"TID_TUTORIAL_BOSS_BEATEN_4_A",,"true","tutorial_enemy","bubble_no_button_right",,"true",,"music/gob_attack.mp3","sfx/nasty_talk_01.wav",,,,,,,,,58,0,,,,,,,,,
,,,,,,,,,,,,,,,300,,,"TID_TUTORIAL_BOSS_BEATEN_4_B",,"true","tutorial_enemy","bubble_no_button_right",,"true",,,"sfx/tutor_no_talk_woop_01.wav",,,,,,,,,-1,,,,,,,,,,
"fifth boss encounter","tutorial end",,,,,,,,,,,,,,,,,"TID_TUTORIAL_BOSS_FOUND_5",,"true","tutorial_enemy","bubble_no_button_right",,"true",,"music/gob_attack.mp3","sfx/nasty_talk_01.wav",,,,,,,,76,-1,,,,,,,,,,
"fifth boss defeated","tutorial end",,,,,,,,,,,,,,,,,"TID_TUTORIAL_BOSS_BEATEN_5_A",,"true","tutorial_enemy","bubble_no_button_right",,"true",,"music/gob_attack.mp3","sfx/nasty_talk_01.wav",,,,,,,,,76,0,,,,,,,,,
,,,,,,,,,,,,,,,300,,,"TID_TUTORIAL_BOSS_BEATEN_5_B",,"true","tutorial_enemy","bubble_no_button_right",,"true",,,"sfx/tutor_no_talk_woop_01.wav",,,,,,,,,-1,,,,,,,,,,
"sixth boss encounter","tutorial end",,,,,,,,,,,,,,,,,"TID_TUTORIAL_BOSS_FOUND_6",,"true","tutorial_enemy","bubble_no_button_right",,"true",,"music/gob_attack.mp3","sfx/nasty_talk_01.wav",,,,,,,,93,-1,,,,,,,,,,
"sixth boss defeated","tutorial end",,,,,,,,,,,,,,,,,"TID_TUTORIAL_BOSS_BEATEN_6_A",,"true","tutorial_enemy","bubble_no_button_right",,"true",,"music/gob_attack.mp3","sfx/nasty_talk_01.wav",,,,,,,,,93,0,,,,,,,,,
,,,,,,,,,,,,,,,300,,,"TID_TUTORIAL_BOSS_BEATEN_6_B",,"true","tutorial_enemy","bubble_no_button_right",,"true",,,"sfx/tutor_no_talk_woop_01.wav",,,,,,,,,-1,,,,,,,,,,
"seventh boss encounter","tutorial end",,,,,,,,,,,,,,,,,"TID_TUTORIAL_BOSS_FOUND_7",,"true","tutorial_enemy","bubble_no_button_right",,"true",,"music/gob_attack.mp3","sfx/nasty_talk_01.wav",,,,,,,,111,-1,,,,,,,,,,
"seventh boss defeated","tutorial end",,,,,,,,,,,,,,,,,"TID_TUTORIAL_BOSS_BEATEN_7_A",,"true","tutorial_enemy","bubble_no_button_right",,"true",,"music/gob_attack.mp3","sfx/nasty_talk_01.wav",,,,,,,,,111,0,,,,,,,,,
,,,,,,,,,,,,,,,300,,,"TID_TUTORIAL_BOSS_BEATEN_7_B",,"true","tutorial_enemy","bubble_no_button_right",,"true",,,"sfx/tutor_no_talk_woop_01.wav",,,,,,,,,-1,,,,,,,,,,
"eighth boss encounter","tutorial end",,,,,,,,,,,,,,,,,"TID_TUTORIAL_BOSS_FOUND_8",,"true","tutorial_enemy","bubble_no_button_right",,"true",,"music/gob_attack.mp3","sfx/nasty_talk_01.wav",,,,,,,,126,-1,,,,,,,,,,
"eighth boss defeated","tutorial end",,,,,,,,,,,,,,,,,"TID_TUTORIAL_BOSS_BEATEN_8_A",,"true","tutorial_enemy","bubble_no_button_right",,"true",,"music/gob_attack.mp3","sfx/nasty_talk_01.wav",,,,,,,,,126,0,,,,,,,,,
,,,,,,,,,,,,,,,300,,,"TID_TUTORIAL_BOSS_BEATEN_8_B",,"true","tutorial_enemy","bubble_no_button_right",,"true",,,"sfx/tutor_no_talk_woop_01.wav",,,,,,,,,-1,,,,,,,,,,
"ninth boss encounter","tutorial end",,,,,,,,,,,,,,,,,"TID_TUTORIAL_BOSS_FOUND_9",,"true","tutorial_enemy","bubble_no_button_right",,"true",,"music/gob_attack.mp3","sfx/nasty_talk_01.wav",,,,,,,,137,-1,,,,,,,,,,
"ninth boss defeated","tutorial end",,,,,,,,,,,,,,,,,"TID_TUTORIAL_BOSS_BEATEN_9_A",,"true","tutorial_enemy","bubble_no_button_right",,"true",,"music/gob_attack.mp3","sfx/nasty_talk_01.wav",,,,,,,,,137,0,,,,,,,,,
,,,,,,,,,,,,,,,300,,,"TID_TUTORIAL_BOSS_BEATEN_9_B",,"true","tutorial_enemy","bubble_no_button_right",,"true",,,"sfx/tutor_no_talk_woop_01.wav",,,,,,,,,-1,,,,,,,,,,
"tenth boss encounter","tutorial end",,,,,,,,,,,,,,,,,"TID_TUTORIAL_BOSS_FOUND_10",,"true","tutorial_enemy","bubble_no_button_right",,"true",,"music/gob_attack.mp3","sfx/nasty_talk_01.wav",,,,,,,,149,-1,,,,,,,,,,
"tenth boss defeated","tutorial end",,,,,,,,,,,,,,,,,"TID_TUTORIAL_BOSS_BEATEN_10_A",,"true","tutorial_enemy","bubble_no_button_right",,"true",,"music/gob_attack.mp3","sfx/nasty_talk_01.wav",,,,,,,,,149,0,,,,,,,,,
,,,,,,,,,,,,,,,300,,,"TID_TUTORIAL_BOSS_BEATEN_10_B",,"true","tutorial_enemy","bubble_no_button_right",,"true",,,"sfx/tutor_no_talk_woop_01.wav",,,,,,,,,-1,,,,,,,,,,
"second npc base win","tutorial end",,,,,,,,,,,,,,500,,,"TID_TUTORIAL_SLAVES1",,"true","tutorial_enemy","bubble_no_button_right",,"true",,"music/gob_attack.mp3","sfx/nasty_talk_01.wav",,,,,,,,,0,2,,,,,,,,,
,,,,,,,,,,,,,,,,,,"TID_TUTORIAL_SLAVES2",,"true","tutorial_native_girl","bubble_no_button_left",,"false",,"music/fem_talk.mp3","sfx/tutor_no_talk_woop_01.wav",,,,,,,,,0,2,,,,,,,,,
"third npc base win","tutorial end",,,,,,,,,,,,,,500,,,"TID_TUTORIAL_SLAVES3",,"true","tutorial_native_girl","bubble_no_button_left",,"false",,"music/fem_talk.mp3","sfx/tutor_no_talk_woop_01.wav",,,,,,,,,0,3,,,,,,,,,
,,,,,,,,,,,,,,,,,,"TID_TUTORIAL_SLAVES4",,"true","tutorial_native_girl","bubble_no_button_left",,"false",,,"sfx/tutor_no_talk_woop_01.wav",,,,,,,,,0,3,,,,,,,,,
"fourth npc base win","tutorial end",,,,,,,,,,,,,,500,,,"TID_TUTORIAL_SLAVES5",,"true","tutorial_native_girl","bubble_no_button_left",,"false",,"music/fem_talk.mp3","sfx/tutor_no_talk_woop_01.wav",,,,,,,,,2,0,,,,,,,,,
,,,,,,,,,,,,,,,,,,"TID_TUTORIAL_SLAVES6",,"true","tutorial_native_girl","bubble_no_button_left",,"false",,,"sfx/tutor_no_talk_woop_01.wav",,,,,,,,,2,0,,,,,,,,,
"fifth npc base win","tutorial end",,,,,,,,,,,,,,500,,,"TID_TUTORIAL_SLAVES7",,"true","tutorial_friendly_male","bubble_no_button_left",,"false",,"music/fem_talk.mp3","sfx/tutor_no_talk_woop_01.wav",,,,,,,,,3,0,,,,,,,,,
,,,,,,,,,,,,,,,,,,"TID_TUTORIAL_SLAVES8",,"true","tutorial_friendly_male","bubble_no_button_left",,"false",,,"sfx/tutor_no_talk_woop_01.wav",,,,,,,,,3,0,,,,,,,,,
"sixth npc base win","tutorial end",,,,,,,,,,,,,,500,,,"TID_TUTORIAL_SLAVES9",,"true","tutorial_native_girl","bubble_no_button_left",,"false",,"music/fem_talk.mp3","sfx/tutor_no_talk_woop_01.wav",,,,,,,,,4,0,,,,,,,,,
,,,,,,,,,,,,,,,,,,"TID_TUTORIAL_SLAVES10",,"true","tutorial_native_girl","bubble_no_button_left",,"false",,,"sfx/tutor_no_talk_woop_01.wav",,,,,,,,,4,0,,,,,,,,,
"seventh npc base win","tutorial end",,,,,,,,,,,,,,500,,,"TID_TUTORIAL_SLAVES11",,"true","tutorial_native_girl","bubble_no_button_left",,"false",,"music/fem_talk.mp3","sfx/tutor_no_talk_woop_01.wav",,,,,,,,,4,1,,,,,,,,,
,,,,,,,,,,,,,,,,,,"TID_TUTORIAL_SLAVES12",,"true","tutorial_native_girl","bubble_no_button_left",,"false",,,"sfx/tutor_no_talk_woop_01.wav",,,,,,,,,4,1,,,,,,,,,
"first boss teaser","tutorial end",,,,,,,,,,,,,,500,,,"TID_TUTORIAL_BOSS_TEASER_1_A",,"true","tutorial_friendly_male","bubble_no_button_left",,"false",,"music/fem_talk.mp3","sfx/tutor_no_talk_woop_01.wav",,,,,,,,,14,0,,,,,,,,,
,,,,,,,,,,,,,,,,,,"TID_TUTORIAL_BOSS_TEASER_1_B",,"true","tutorial_friendly_male","bubble_no_button_left",,"false",,,"sfx/tutor_no_talk_woop_01.wav",,,,,,,,,,,,,,,,,,,
"first event","tutorial end",,,,,,,,,,,,,,,,,"TID_TUTORIAL_EVENT_START_1",,"true","tutorial_enemy_DrM","bubble_no_button_right",,"true",,"music/reef_evil_proff_talk_01.mp3","sfx/evil_doc_laugh_01.wav",,,,,,,,,-1,,,,,,,"Event 1 <2>",,,
"last step tutorial","tutorial end",,,,,,,,,,,,,,500,,,"TID_TUTORIAL_TUTORIAL_END_2",,"true","tutorial_friendly_male","bubble_no_button_left",,"false",,,"sfx/tutor_no_talk_woop_01.wav",,,,,,,,,-1,,,,,,,,,"true",
,,,,,,,,,,,,,,,,,,"TID_TUTORIAL_TUTORIAL_END_3",,"true","tutorial_friendly_male","bubble_no_button_left",,"false",,,"sfx/tutor_no_talk_woop_01.wav",,,,,,,,,,,,,,,,,,,
"first event win","tutorial end",,,,,,,,,,,,,,,,,"TID_TUTORIAL_EVENT_END_1",,"true","tutorial_enemy_DrM","bubble_no_button_right",,"true",,"music/general_lost_01.mp3","sfx/nasty_talk_01.wav",,,,,,,,,-1,,,,,,,,"Event 1",,
,,,,,,,,,,,,,,,,,,"TID_TUTORIAL_EVENT_END_2",,"true","tutorial_enemy_DrM","bubble_no_button_right",,"true",,,"sfx/nasty_talk_01.wav",,,,,,,,,,,,,,,,,,,
,,,,,,,,,,,,,,,,,,"TID_TUTORIAL_EVENT_END_3",,"true","tutorial_friendly_male","bubble_no_button_left",,"false",,,"sfx/league_up_02cheer.wav",,,,,,,,,,,,,,,,,,,
"Smoke unlock","tutorial end",,,,,,,,,,,,,,,,,"TID_TUTORIAL_INTRO_SMOKE_1",,"true","tutorial_friendly_male","bubble_ability_left","Smoke","false",,,"sfx/tutor_no_talk_woop_01.wav",,,,,,14,,,-1,,,,,,,,,,
,,,,,,,,,,,,,,,,,,"TID_TUTORIAL_INTRO_SMOKE_2",,"true","tutorial_friendly_male","bubble_no_button_left","Smoke","false",,,"sfx/tutor_no_talk_woop_01.wav",,,,,,,,,-1,,,,,,,,,,
"second event","tutorial end",,,,,,,,,,,,,,,,,"TID_TUTORIAL_EVENT2_START_1",,"true","tutorial_enemy_DrM","bubble_no_button_right",,"true",,"music/reef_evil_proff_talk_01.mp3","sfx/evil_doc_laugh_01.wav",,,,,,,,,-1,,,,,,,"Event 2 <2>",,,
"second event win","tutorial end",,,,,,,,,,,,,,,,,"TID_TUTORIAL_EVENT2_END_1",,"true","tutorial_enemy_DrM","bubble_no_button_right",,"true",,"music/general_lost_01.mp3","sfx/nasty_talk_01.wav",,,,,,,,,-1,,,,,,,,"Event 2",,
,,,,,,,,,,,,,,,,,,"TID_TUTORIAL_EVENT2_END_2",,"true","tutorial_enemy_DrM","bubble_no_button_right",,"true",,,"sfx/nasty_talk_01.wav",,,,,,,,,,,,,,,,,,,
,,,,,,,,,,,,,,,,,,"TID_TUTORIAL_EVENT2_END_3",,"true","tutorial_friendly_male","bubble_no_button_left",,"false",,,"sfx/league_up_02cheer.wav",,,,,,,,,,,,,,,,,,,
"first event stage 5","tutorial end",,,,,,,,,,,,,,,,,"TID_TUTORIAL_EVENT_STAGE5",,"true","tutorial_enemy_DrM","bubble_no_button_right",,"true",,"music/reef_evil_proff_talk_01.mp3","sfx/evil_doc_laugh_01.wav",,,,,,,,,-1,,,,,,,"Event 1 <5>",,,
"first event stage 10","tutorial end",,,,,,,,,,,,,,,,,"TID_TUTORIAL_EVENT_STAGE10",,"true","tutorial_enemy_DrM","bubble_no_button_right",,"true",,"music/reef_evil_proff_talk_01.mp3","sfx/evil_doc_laugh_01.wav",,,,,,,,,-1,,,,,,,"Event 1 <10>",,,
"first event stage 15","tutorial end",,,,,,,,,,,,,,,,,"TID_TUTORIAL_EVENT_STAGE15",,"true","tutorial_enemy_DrM","bubble_no_button_right",,"true",,"music/reef_evil_proff_talk_01.mp3","sfx/evil_doc_laugh_01.wav",,,,,,,,,-1,,,,,,,"Event 1 <15>",,,
"first event stage 20","tutorial end",,,,,,,,,,,,,,,,,"TID_TUTORIAL_EVENT_STAGE20",,"true","tutorial_enemy_DrM","bubble_no_button_right",,"true",,"music/reef_evil_proff_talk_01.mp3","sfx/evil_doc_laugh_01.wav",,,,,,,,,-1,,,,,,,"Event 1 <20>",,,
"second event stage 6","tutorial end",,,,,,,,,,,,,,,,,"TID_TUTORIAL_EVENT2_STAGE6",,"true","tutorial_enemy_DrM","bubble_no_button_right",,"true",,"music/reef_evil_proff_talk_01.mp3","sfx/evil_doc_laugh_01.wav",,,,,,,,,-1,,,,,,,"Event 2 <6>",,,
"second event stage 11","tutorial end",,,,,,,,,,,,,,,,,"TID_TUTORIAL_EVENT2_STAGE11",,"true","tutorial_enemy_DrM","bubble_no_button_right",,"true",,"music/reef_evil_proff_talk_01.mp3","sfx/evil_doc_laugh_01.wav",,,,,,,,,-1,,,,,,,"Event 2 <11>",,,
"second event stage 16","tutorial end",,,,,,,,,,,,,,,,,"TID_TUTORIAL_EVENT2_STAGE16",,"true","tutorial_enemy_DrM","bubble_no_button_right",,"true",,"music/reef_evil_proff_talk_01.mp3","sfx/evil_doc_laugh_01.wav",,,,,,,,,-1,,,,,,,"Event 2 <16>",,,
"second event stage 20","tutorial end",,,,,,,,,,,,,,,,,"TID_TUTORIAL_EVENT2_STAGE20",,"true","tutorial_enemy_DrM","bubble_no_button_right",,"true",,"music/reef_evil_proff_talk_01.mp3","sfx/evil_doc_laugh_01.wav",,,,,,,,,-1,,,,,,,"Event 2 <20>",,,
"medic troop unlocked","tutorial end",,,,,,,,,,,,,,500,,,"TID_TUTORIAL_INTRO_MEDIC",,"true","tutorial_troop_medic","bubble_no_button_left",,"false",,,"sfx/tutor_no_talk_woop_01.wav",,,,,,15,,,-1,,,,,,,,,,
"sculptor built","tutorial end",,,,,,,,,,,,,,300,,,"TID_TUTORIAL_SCULPTOR_BUILT_1",,"true","tutorial_friendly_male","bubble_no_button_left",,"false",,"music/fem_talk.mp3","sfx/tutor_no_talk_woop_01.wav",,,,,,,,,-1,,,,,,,,,,"true"
,,,,,,,,,,,,,,,,,,"TID_TUTORIAL_SCULPTOR_BUILT_2",,"true","tutorial_friendly_male","bubble_no_button_left",,"false",,,"sfx/tutor_no_talk_woop_01.wav",,,,,,,,,-1,,,,,,,,,,
,,,,,,,,,,,,,,,,,,"TID_TUTORIAL_SCULPTOR_BUILT_3",,"true","tutorial_friendly_male","bubble_no_button_left",,"false",,,"sfx/tutor_no_talk_woop_01.wav",,,,,,,,,-1,,,,,,,,,,
"deepsea found","tutorial end",,,,,,,,,,,,,,300,,,"TID_TUTORIAL_DIVING_LOCATION_FIRST_EXPLORE",,"true","tutorial_friendly_male","bubble_no_button_left",,"false",,"music/fem_talk.mp3","sfx/tutor_no_talk_woop_01.wav",,,,,,,"deepsea",,-1,,,,,,,,,,
"Task Force unlock","tutorial end",,,,,,,,,,,,,,,,,"TID_TUTORIAL_TASK_FORCE_UNLOCK_1",,"true","tutorial_friendly_male","bubble_no_button_left","Taskforce","false",,,"sfx/league_up_02cheer.wav",,,,,,6,,,-1,,,,,,,,,,
,,,,,,,,,,,,,,,,,,"TID_TUTORIAL_TASK_FORCE_UNLOCK_2",,"true","tutorial_friendly_male","bubble_ability_left","Taskforce","false",,,"sfx/tutor_no_talk_woop_01.wav",,,,,,,,,-1,,,,,,,,,,
"grenadier troop unlocked","tutorial end",,,,,,,,,,,,,,500,,,"TID_TUTORIAL_INTRO_GRENADIER_1",,"true","tutorial_troop_grenadier","bubble_no_button_left",,"false",,,"sfx/tutor_no_talk_woop_01.wav",,,,,,16,,,-1,,,,,,,,,,
,,,,,,,,,,,,,,,,,,"TID_TUTORIAL_INTRO_GRENADIER_2",,"true","tutorial_troop_grenadier","bubble_no_button_left",,"false",,,"sfx/tutor_no_talk_woop_01.wav",,,,,,,,,-1,,,,,,,,,,
"flamer troop unlocked","tutorial end",,,,,,,,,,,,,,500,,,"TID_TUTORIAL_INTRO_FLAMER",,"true","tutorial_troop_flamer","bubble_no_button_left",,"false",,,"sfx/tutor_no_talk_woop_01.wav",,,,,,18,,,-1,,,,,,,,,,
"set name","tutorial end",,,,,,,,,,,,"true",,,,,"TID_TUTORIAL_SET_NAME_1",,"true","tutorial_friendly_male","bubble_no_button_left",,"false",,,"sfx/tutor_no_talk_woop_01.wav",,,,,,,,,-1,,,,,,,,,,
,,,,,,,,,,,,,,,,,,"TID_TUTORIAL_SET_NAME_2",,"true","tutorial_friendly_male","bubble_no_button_left",,"false",,,"sfx/tutor_no_talk_woop_01.wav",,,,,,,,,-1,,,,,,,,,,
"name set","tutorial end",,,,,,,,,,,,,"true",,,,"TID_TUTORIAL_GOOD_NAME_CHOICE",,"false","tutorial_friendly_male","bubble_no_button_left",,"false",,,"sfx/league_up_02cheer.wav",,,,,,,,,-1,,,,,,,,,,
