"Name","SWF","ExportName","ParticleEmitter","Speed","StartHeight","StartOffset","IsBallistic","DisplayShadow"
"String","String","String","String","int","int","int","boolean","boolean"
"boomcannon_projectile","sc/in-game.sc","boomcannon_projectile","boom_cannon_trail",3000,100,1400,"true","true"
"Cannonball","sc/in-game.sc","cannon_ammo","cannon_trail",1800,150,1000,"true","true"
"flamethrower_projectile","sc/in-game.sc","Flamethrower_ammo",,850,0,300,,
"Mortar Ammo","sc/in-game.sc","mortar_ammo","mortar_trail",500,200,20,"true","true"
"ArtilleryAmmo","sc/in-game.sc","artillery_ammo","Bazooka trail",2500,200,20,"true","true"
"HealAmmo","sc/in-game.sc","heal_ammo",,4000,200,,,"true"
"HealerAmmo","sc/in-game.sc","healer_ammo",,1400,75,,,
"HealerAmmo_old","sc/in-game.sc","healer_ammo",,700,75,,"true","true"
"FocusFireAmmo","sc/in-game.sc","flare_projectile",,4000,200,20,"true","true"
"StunAmmo","sc/in-game.sc","stun_ammo",,4000,200,20,"true","true"
"Missile Ammo","sc/in-game.sc","missile_ammo","Barrage_trail",2100,250,500,"true","true"
"Rifle Ammo","sc/in-game.sc","rifle_unit_ammo1",,1600,50,60,"true",
"TurretAmmo","sc/in-game.sc","basic_turret_ammo",,3000,75,38,,
"Machine Nest Gun Ammo","sc/in-game.sc","machine_gun_ammo",,2400,50,300,,
"Machine Nest Gun Ammo 2","sc/in-game.sc","machine_gun_ammo",,2400,150,400,,
"Machine Gun Ammo","sc/in-game.sc","machine_gun_ammo",,2400,50,60,,
"Tower Ammo","sc/in-game.sc","machine_gun_ammo",,2400,270,60,"true",
"Mortar Ammo","sc/in-game.sc","mortar_ammo","mortar_trail",500,230,30,"true","true"
"Bazooka Ammo","sc/in-game.sc","bazooka_ammo1","Bazooka trail",1200,90,60,"true","true"
"Tank Shell","sc/in-game.sc","cannon_ammo",,4000,135,500,"true","true"
"Boss Mortar","sc/in-game.sc","mortar_ammo","mortar_trail",600,95,20,"true","true"
"Barrage Ammo","sc/in-game.sc","barrage_ammo","Barrage_trail",3800,200,20,"true","true"
"smoke_ammo","sc/in-game.sc","smoke_ammo",,4000,200,20,"true","true"
"Grenadier Ammo","sc/in-game.sc","granade",,1100,150,60,"true","true"
"ShockLauncherAmmo","sc/in-game.sc","stun_ammo",,1200,300,500,"true","true"
"Flamer Ammo","sc/in-game.sc","Flamethrower_ammo",,1000,0,0,,
