"Name","TID","SubtitleTID","CategoryTID","SWF","CollectEffect","IconExportName","ResourceIconExportName","StealEffect","DestroyEffect","ArtifactType","TopSecretType","PremiumCurrency","HudInstanceName","CapFullTID","TextRed","TextGreen","TextBlue"
"String","String","String","String","String","String","String","String","String","String","int","int","Boolean","String","String","int","int","int"
"Diamonds","TID_DIAMONDS","TID_DIAMONDS_SUBTITLE","TID_COMMON_RESOURCE","sc/ui.sc","Collect Diamonds","icon_diamond","icon_diamond_small","Collect Diamonds",,,,"true","diamond_bar",,0,255,92
"Resource1","TID_GOLD","TID_GOLD_SUBTITLE","TID_COMMON_RESOURCE","sc/ui.sc","Collect Gold","icon_gold","icon_gold_small","Steal Gold","Collect Gold",,,,"gold_bar","TID_RESOURCE_CAP_FULL_GOLD",255,236,128
"Resource2","TID_WOOD","TID_WOOD_SUBTITLE","TID_COMMON_RESOURCE","sc/ui.sc","Collect Wood","icon_wood","icon_wood_small","Steal Wood","Collect Wood",,,,"wood_bar","TID_RESOURCE_CAP_FULL_WOOD",255,195,128
"Resource3","TID_STONE","TID_STONE_SUBTITLE","TID_COMMON_RESOURCE","sc/ui.sc","Collect Stone","icon_stone","icon_stone_small","Steal Stone","Collect Stone",,,,"stone_bar","TID_RESOURCE_CAP_FULL_STONE",255,209,166
"Resource4","TID_METAL","TID_METAL_SUBTITLE","TID_COMMON_RESOURCE","sc/ui.sc","Collect Metal","icon_metal","icon_metal_small","Steal Metal","Collect Metal",,,,"metal_bar","TID_RESOURCE_CAP_FULL_METAL",224,213,217
"CommonPiece","TID_COMMON_PIECE","TID_COMMON_PIECE_SUBTITLE","TID_ARTIFACT_CATEGORY_LIFE","sc/ui.sc","Collect Common Artifact","icon_artifact_common","icon_artifact_common","Collect Common Artifact",,1,,,,,,,
"RarePiece","TID_RARE_PIECE","TID_RARE_PIECE_SUBTITLE","TID_ARTIFACT_CATEGORY_LIFE","sc/ui.sc","Collect Rare Artifact","icon_artifact_rare","icon_artifact_rare","Collect Rare Artifact",,1,,,,,,,
"EpicPiece","TID_EPIC_PIECE","TID_EPIC_PIECE_SUBTITLE","TID_ARTIFACT_CATEGORY_LIFE","sc/ui.sc","Collect Epic Artifact","icon_artifact_epic","icon_artifact_epic","Collect Epic Artifact",,1,,,,,,,
"CommonPieceIce","TID_COMMON_PIECE_ICE","TID_COMMON_PIECE_SUBTITLE_ICE","TID_ARTIFACT_CATEGORY_ICE","sc/ui.sc","Collect Common Artifact Ice","icon_artifact_common_ice","icon_artifact_common_ice","Collect Common Artifact Ice",,2,,,,,,,
"RarePieceIce","TID_RARE_PIECE_ICE","TID_RARE_PIECE_SUBTITLE_ICE","TID_ARTIFACT_CATEGORY_ICE","sc/ui.sc","Collect Rare Artifact Ice","icon_artifact_rare_ice","icon_artifact_rare_ice","Collect Rare Artifact Ice",,2,,,,,,,
"EpicPieceIce","TID_EPIC_PIECE_ICE","TID_EPIC_PIECE_SUBTITLE_ICE","TID_ARTIFACT_CATEGORY_ICE","sc/ui.sc","Collect Epic Artifact Ice","icon_artifact_epic_ice","icon_artifact_epic_ice","Collect Epic Artifact Ice",,2,,,,,,,
"CommonPieceFire","TID_COMMON_PIECE_FIRE","TID_COMMON_PIECE_SUBTITLE_FIRE","TID_ARTIFACT_CATEGORY_FIRE","sc/ui.sc","Collect Common Artifact Fire","icon_artifact_common_fire","icon_artifact_common_fire","Collect Common Artifact Fire",,3,,,,,,,
"RarePieceFire","TID_RARE_PIECE_FIRE","TID_RARE_PIECE_SUBTITLE_FIRE","TID_ARTIFACT_CATEGORY_FIRE","sc/ui.sc","Collect Rare Artifact Fire","icon_artifact_rare_fire","icon_artifact_rare_fire","Collect Rare Artifact Fire",,3,,,,,,,
"EpicPieceFire","TID_EPIC_PIECE_FIRE","TID_EPIC_PIECE_SUBTITLE_FIRE","TID_ARTIFACT_CATEGORY_FIRE","sc/ui.sc","Collect Epic Artifact Fire","icon_artifact_epic_fire","icon_artifact_epic_fire","Collect Epic Artifact Fire",,3,,,,,,,
"CommonPieceDark","TID_COMMON_PIECE_DARK","TID_COMMON_PIECE_SUBTITLE_DARK","TID_ARTIFACT_CATEGORY_DARK","sc/ui.sc","Collect Common Artifact Purple","icon_artifact_common_purple","icon_artifact_common_purple","Collect Common Artifact Purple",,4,,,,,,,
"RarePieceDark","TID_RARE_PIECE_DARK","TID_RARE_PIECE_SUBTITLE_DARK","TID_ARTIFACT_CATEGORY_DARK","sc/ui.sc","Collect Rare Artifact Purple","icon_artifact_rare_purple","icon_artifact_rare_purple","Collect Rare Artifact Purple",,4,,,,,,,
"EpicPieceDark","TID_EPIC_PIECE_DARK","TID_EPIC_PIECE_SUBTITLE_DARK","TID_ARTIFACT_CATEGORY_DARK","sc/ui.sc","Collect Epic Artifact Purple","icon_artifact_epic_purple","icon_artifact_epic_purple","Collect Epic Artifact Purple",,4,,,,,,,
"PowerStone","TID_POWERSTONE","TID_POWERSTONE_SUBTITLE","TID_ARTIFACT_CATEGORY_POWER_STONE","sc/ui.sc","Collect Power Stone","icon_artifact_power_stone","icon_artifact_power_stone","Collect Power Stone",,5,,,,,,,
