"Armored_troop",,,,,,,,,,
,"Name","HasDirections","VariationWeight","ActionFrame","TurningSpeed","GunTurningSpeed","TurnSmoothing","ExportName","SWF","Looping"
,"String","boolean","int","int","int","int","boolean","String","String","boolean"
,"walk","true",,,3,2,"false","tank_lvl1_drive1","sc/units.sc","true"
,"idle","true",1,,3,2,"false","tank_lvl1_idle","sc/units.sc","false"
,,"true",1,,3,2,"false","tank_lvl1_idle","sc/units.sc","true"
,"attack","true",1,3,3,2,"false","tank_lvl1_idle","sc/units.sc","false"
,"celebrate","true",1,,3,2,"false","tank_lvl1_idle","sc/units.sc","true"
,"die","false",1,,3,2,"false","death_ground_puff","sc/in-game.sc","false"
"Own_villager2",,,,,,,,,,
,"Name","HasDirections","VariationWeight","ActionFrame","TurningSpeed","GunTurningSpeed","TurnSmoothing","ExportName","SWF","Looping"
,"String","boolean","int","int","int","int","boolean","String","String","boolean"
,"walk","true",,,,,,"villager2_own_walk","sc/units.sc","true"
,"idle","true",1,,,,,"villager2_own_idle","sc/units.sc","true"
,,"true",1,,,,,"villager2_own_idle","sc/units.sc","true"
,"busy","true",1,6,,,,"villager2_own_busy","sc/units.sc","true"
,,"true",1,6,,,,"villager2_own_busy","sc/units.sc","true"
,"celebrate","true",5,,,,,"villager2_own_cheer","sc/units.sc","true"
,,"true",2,,,,,"villager2_own_cheer","sc/units.sc","true"
,,"true",1,,,,,"villager2_own_cheer","sc/units.sc","true"
,"die","false",1,,,,,"death_ground_puff","sc/in-game.sc","false"
"Own_villager",,,,,,,,,,
,"Name","HasDirections","VariationWeight","ActionFrame","TurningSpeed","GunTurningSpeed","TurnSmoothing","ExportName","SWF","Looping"
,"String","boolean","int","int","int","int","boolean","String","String","boolean"
,"walk","true",,,,,,"villager_own_walk1","sc/units.sc","true"
,"idle","true",1,,,,,"villager_own_idle1","sc/units.sc","true"
,,"true",1,,,,,"villager_own_idle1","sc/units.sc","true"
,"busy","true",1,6,,,,"villager_own_busy1","sc/units.sc","true"
,,"true",1,6,,,,"villager_own_busy1","sc/units.sc","true"
,"celebrate","true",5,,,,,"villager_own_cheer1","sc/units.sc","true"
,,"true",2,,,,,"villager_own_cheer1","sc/units.sc","true"
,,"true",1,,,,,"villager_own_cheer1","sc/units.sc","true"
,"die","false",1,,,,,"death_ground_puff","sc/in-game.sc","false"
"Fish",,,,,,,,,,
,"Name","HasDirections","VariationWeight","ActionFrame","TurningSpeed","GunTurningSpeed","TurnSmoothing","ExportName","SWF","Looping"
,"String","boolean","int","int","int","int","boolean","String","String","boolean"
,"walk","true",,,,,"true","fish_swim","sc/units.sc","true"
,"idle","true",1,,,,"true","fish_swim","sc/units.sc","true"
,"busy","true",1,,,,"true","fish_swim","sc/units.sc","true"
,"celebrate","true",1,,,,"true","fish_swim","sc/units.sc","true"
,"die","true",1,,,,"true","fish_swim","sc/units.sc","true"
"Fish2",,,,,,,,,,
,"Name","HasDirections","VariationWeight","ActionFrame","TurningSpeed","GunTurningSpeed","TurnSmoothing","ExportName","SWF","Looping"
,"String","boolean","int","int","int","int","boolean","String","String","boolean"
,"walk","true",,,,,"true","fish2_swim","sc/units.sc","true"
,"idle","true",1,,,,"true","fish2_swim","sc/units.sc","true"
,"busy","true",1,,,,"true","fish2_swim","sc/units.sc","true"
,"celebrate","true",1,,,,"true","fish2_swim","sc/units.sc","true"
,"die","true",1,,,,"true","fish2_swim","sc/units.sc","true"
"Fish3",,,,,,,,,,
,"Name","HasDirections","VariationWeight","ActionFrame","TurningSpeed","GunTurningSpeed","TurnSmoothing","ExportName","SWF","Looping"
,"String","boolean","int","int","int","int","boolean","String","String","boolean"
,"walk","true",,,,,"true","fish3_swim","sc/units.sc","true"
,"idle","true",1,,,,"true","fish3_swim","sc/units.sc","true"
,"busy","true",1,,,,"true","fish3_swim","sc/units.sc","true"
,"celebrate","true",1,,,,"true","fish3_swim","sc/units.sc","true"
,"die","true",1,,,,"true","fish3_swim","sc/units.sc","true"
"Fish4",,,,,,,,,,
,"Name","HasDirections","VariationWeight","ActionFrame","TurningSpeed","GunTurningSpeed","TurnSmoothing","ExportName","SWF","Looping"
,"String","boolean","int","int","int","int","boolean","String","String","boolean"
,"walk","true",,,,,"true","fish4_swim","sc/units.sc","true"
,"idle","true",1,,,,"true","fish4_swim","sc/units.sc","true"
,"busy","true",1,,,,"true","fish4_swim","sc/units.sc","true"
,"celebrate","true",1,,,,"true","fish4_swim","sc/units.sc","true"
,"die","true",1,,,,"true","fish4_swim","sc/units.sc","true"
"Crab",,,,,,,,,,
,"Name","HasDirections","VariationWeight","ActionFrame","TurningSpeed","GunTurningSpeed","TurnSmoothing","ExportName","SWF","Looping"
,"String","boolean","int","int","int","int","boolean","String","String","boolean"
,"walk","false",,,,,"true","crab_walk","sc/units.sc","true"
,"idle","false",1,,,,"true","crab_idle","sc/units.sc","true"
,"busy","false",1,,,,"true","crab_burry","sc/units.sc","false"
,"celebrate","false",1,,,,"true","carb_appear","sc/units.sc","false"
,"die","false",1,,,,"true","crab_jump","sc/units.sc","false"
"butterfly",,,,,,,,,,
,"Name","HasDirections","VariationWeight","ActionFrame","TurningSpeed","GunTurningSpeed","TurnSmoothing","ExportName","SWF","Looping"
,"String","boolean","int","int","int","int","boolean","String","String","boolean"
,"walk","true",,,,,"true","butterfly_fly","sc/units.sc","true"
,"idle","true",1,,,,"true","butterfly_fly","sc/units.sc","true"
,"busy","false",1,,,,"true","butterfly_disappear","sc/units.sc","false"
,"celebrate","false",1,,,,"true","butterfly_appear","sc/units.sc","false"
,"die","true",1,,,,"true","butterfly_fly","sc/units.sc","true"
"butterfly2",,,,,,,,,,
,"Name","HasDirections","VariationWeight","ActionFrame","TurningSpeed","GunTurningSpeed","TurnSmoothing","ExportName","SWF","Looping"
,"String","boolean","int","int","int","int","boolean","String","String","boolean"
,"walk","true",,,,,"true","butterfly2_fly","sc/units.sc","true"
,"idle","true",1,,,,"true","butterfly2_fly","sc/units.sc","true"
,"busy","false",1,,,,"true","butterfly2_disappear","sc/units.sc","false"
,"celebrate","false",1,,,,"true","butterfly2_appear","sc/units.sc","false"
,"die","true",1,,,,"true","butterfly2_fly","sc/units.sc","true"
"Parrot",,,,,,,,,,
,"Name","HasDirections","VariationWeight","ActionFrame","TurningSpeed","GunTurningSpeed","TurnSmoothing","ExportName","SWF","Looping"
,"String","boolean","int","int","int","int","boolean","String","String","boolean"
,"walk","true",,,,,"true","parrot_fly","sc/units.sc","true"
,"idle","true",1,,,,"true","parrot_fly","sc/units.sc","true"
,"busy","true",1,,,,"true","parrot_fly","sc/units.sc","true"
,"celebrate","true",1,,,,"true","parrot_fly","sc/units.sc","true"
,"die","true",1,,,,"true","parrot_fly","sc/units.sc","true"
"Seagull",,,,,,,,,,
,"Name","HasDirections","VariationWeight","ActionFrame","TurningSpeed","GunTurningSpeed","TurnSmoothing","ExportName","SWF","Looping"
,"String","boolean","int","int","int","int","boolean","String","String","boolean"
,"walk","true",,,,,"true","seagull_fly","sc/units.sc","true"
,"idle","true",1,,,,"true","seagull_idle","sc/units.sc","true"
,"busy","true",1,,,,"true","seagull_landing","sc/units.sc","true"
,"celebrate","true",1,,,,"true","seagull_takeoff","sc/units.sc","true"
,"die","true",1,,,,"true","seagull_fly","sc/units.sc","true"
"Pistol_unit",,,,,,,,,,
,"Name","HasDirections","VariationWeight","ActionFrame","TurningSpeed","GunTurningSpeed","TurnSmoothing","ExportName","SWF","Looping"
,"String","boolean","int","int","int","int","boolean","String","String","boolean"
,"walk","true",,,,,,"pistol_unit_lvl1_run1","sc/units.sc","true"
,"idle","true",1,,,,,"pistol_unit_lvl1_idle1","sc/units.sc","true"
,"attack","true",1,11,,,,"pistol_unit_lvl1_attack1","sc/units.sc","false"
,"celebrate","true",1,,,,,"pistol_unit_lvl1_cheer1","sc/units.sc","true"
,"die","false",1,,,,,"death_ground_puff","sc/in-game.sc","false"
"Heavy Gunner",,,,,,,,,,
,"Name","HasDirections","VariationWeight","ActionFrame","TurningSpeed","GunTurningSpeed","TurnSmoothing","ExportName","SWF","Looping"
,"String","boolean","int","int","int","int","boolean","String","String","boolean"
,"walk","true",,,,,,"heavy_gunner_lvl1_run1","sc/units.sc","true"
,"idle","true",1,,,,,"heavy_gunner_lvl1_idle1","sc/units.sc","true"
,"attack","true",1,4,,,,"heavy_gunner_lvl1_run1","sc/units.sc","false"
,"celebrate","true",1,,,,,"heavy_gunner_lvl1_idle1","sc/units.sc","true"
,"die","false",1,,,,,"death_ground_puff","sc/in-game.sc","false"
"Assault Troop",,,,,,,,,,
,"Name","HasDirections","VariationWeight","ActionFrame","TurningSpeed","GunTurningSpeed","TurnSmoothing","ExportName","SWF","Looping"
,"String","boolean","int","int","int","int","boolean","String","String","boolean"
,"walk","true",,,,,,"assault_troop_lvl1_run1","sc/units.sc","true"
,"idle","true",1,,,,,"assault_troop_lvl1_idle1","sc/units.sc","true"
,"attack","true",1,3,,,,"assault_troop_lvl1_attack1","sc/units.sc","false"
,"celebrate","true",1,,,,,"assault_troop_lvl1_cheer1","sc/units.sc","true"
,"die","false",1,,,,,"death_ground_puff","sc/in-game.sc","false"
"Bazooka Girl",,,,,,,,,,
,"Name","HasDirections","VariationWeight","ActionFrame","TurningSpeed","GunTurningSpeed","TurnSmoothing","ExportName","SWF","Looping"
,"String","boolean","int","int","int","int","boolean","String","String","boolean"
,"walk","true",,,,,,"bazooka_girl_lvl0_run1","sc/units.sc","true"
,"idle","true",1,,,,,"bazooka_girl_lvl0_idle1","sc/units.sc","true"
,"attack","true",1,4,,,,"bazooka_girl_lvl0_attack1","sc/units.sc","false"
,"celebrate","true",1,,,,,"bazooka_girl_lvl0_idle1","sc/units.sc","true"
,"die","false",1,,,,,"death_ground_puff","sc/in-game.sc","false"
"Native_villager",,,,,,,,,,
,"Name","HasDirections","VariationWeight","ActionFrame","TurningSpeed","GunTurningSpeed","TurnSmoothing","ExportName","SWF","Looping"
,"String","boolean","int","int","int","int","boolean","String","String","boolean"
,"walk","true",,,,,,"villager_native_girl_walk1","sc/units.sc","true"
,"idle","true",1,,,,,"villager_native_girl_idle1","sc/units.sc","true"
,,"true",1,,,,,"villager_native_girl_idle1","sc/units.sc","true"
,"busy","true",1,10,,,,"villager_native_girl_cheer1","sc/units.sc","false"
,,"true",1,10,,,,"villager_native_girl_cheer1","sc/units.sc","false"
,"celebrate","true",5,,,,,"villager_native_girl_cheer1","sc/units.sc","true"
,,"true",2,,,,,"villager_native_girl_cheer1","sc/units.sc","true"
,,"true",1,,,,,"villager_native_girl_cheer1","sc/units.sc","true"
,"die","false",1,,,,,"death_ground_puff","sc/in-game.sc","false"
"Native_Warrior",,,,,,,,,,
,"Name","HasDirections","VariationWeight","ActionFrame","TurningSpeed","GunTurningSpeed","TurnSmoothing","ExportName","SWF","Looping"
,"String","boolean","int","int","int","int","boolean","String","String","boolean"
,"walk","true",,,,,,"native_warrior1_run","sc/units.sc","true"
,"idle","true",1,,,,,"native_warrior1_idle1","sc/units.sc","true"
,"attack","true",1,14,,,,"native_warrior1_attack1","sc/units.sc","false"
,"celebrate","true",1,,,,,"native_warrior1_cheer1","sc/units.sc","true"
,"die","false",1,,,,,"death_ground_puff","sc/in-game.sc","false"
"Enemy_villager",,,,,,,,,,
,"Name","HasDirections","VariationWeight","ActionFrame","TurningSpeed","GunTurningSpeed","TurnSmoothing","ExportName","SWF","Looping"
,"String","boolean","int","int","int","int","boolean","String","String","boolean"
,"walk","true",,,,,,"villager_BG_walk1","sc/units.sc","true"
,"idle","true",1,,,,,"villager_BG_idle","sc/units.sc","true"
,,"true",1,,,,,"villager_BG_idle","sc/units.sc","true"
,"busy","true",1,6,,,,"villager_BG_busy1","sc/units.sc","true"
,,"true",5,6,,,,"villager_BG_busy1","sc/units.sc","true"
,"celebrate","true",4,,,,,"villager_BG_idle","sc/units.sc","true"
,,"true",1,,,,,"villager_BG_idle","sc/units.sc","true"
,"die","false",1,,,,,"death_ground_puff","sc/in-game.sc","false"
"Assault Troop BG",,,,,,,,,,
,"Name","HasDirections","VariationWeight","ActionFrame","TurningSpeed","GunTurningSpeed","TurnSmoothing","ExportName","SWF","Looping"
,"String","boolean","int","int","int","int","boolean","String","String","boolean"
,"walk","true",,,,,,"assault_BG_lvl1_run1","sc/units.sc","true"
,"idle","true",1,,,,,"assault_BG_lvl1_idle1","sc/units.sc","true"
,"attack","true",1,3,,,,"assault_BG_lvl1_attack1","sc/units.sc","false"
,"celebrate","true",1,,,,,"assault_BG_lvl1_cheer1","sc/units.sc","true"
,"die","false",1,,,,,"death_ground_puff","sc/in-game.sc","false"
"Tank BG",,,,,,,,,,
,"Name","HasDirections","VariationWeight","ActionFrame","TurningSpeed","GunTurningSpeed","TurnSmoothing","ExportName","SWF","Looping"
,"String","boolean","int","int","int","int","boolean","String","String","boolean"
,"walk","true",,,3,2,"false","tank_BG_lvl1_drive1","sc/units.sc","true"
,"idle","true",1,,3,2,"false","tank_BG_lvl1_idle","sc/units.sc","false"
,,"true",1,,3,2,"false","tank_BG_lvl1_idle","sc/units.sc","true"
,"attack","true",1,3,3,2,"false","tank_BG_lvl1_idle","sc/units.sc","false"
,"celebrate","true",1,,3,2,"false","tank_BG_lvl1_idle","sc/units.sc","true"
,"die","false",1,,3,2,"false","death_ground_puff","sc/in-game.sc","false"
"Heavy Gunner BG",,,,,,,,,,
,"Name","HasDirections","VariationWeight","ActionFrame","TurningSpeed","GunTurningSpeed","TurnSmoothing","ExportName","SWF","Looping"
,"String","boolean","int","int","int","int","boolean","String","String","boolean"
,"walk","true",,,,,,"heavy_BG_lvl1_run1","sc/units.sc","true"
,"idle","true",1,,,,,"heavy_BG_lvl1_idle1","sc/units.sc","true"
,"attack","true",1,4,,,,"heavy_BG_lvl1_run1","sc/units.sc","false"
,"celebrate","true",1,,,,,"heavy_BG_lvl1_idle1","sc/units.sc","true"
,"die","false",1,,,,,"death_ground_puff","sc/in-game.sc","false"
"Bazooka Girl BG",,,,,,,,,,
,"Name","HasDirections","VariationWeight","ActionFrame","TurningSpeed","GunTurningSpeed","TurnSmoothing","ExportName","SWF","Looping"
,"String","boolean","int","int","int","int","boolean","String","String","boolean"
,"walk","true",,,,,,"bazooka_BG_lvl0_run1","sc/units.sc","true"
,"idle","true",1,,,,,"bazooka_BG_lvl0_idle1","sc/units.sc","true"
,"attack","true",1,4,,,,"bazooka_BG_lvl0_attack1","sc/units.sc","false"
,"celebrate","true",1,,,,,"bazooka_BG_lvl0_idle1","sc/units.sc","true"
,"die","false",1,,,,,"death_ground_puff","sc/in-game.sc","false"
"Native_Warrior BG",,,,,,,,,,
,"Name","HasDirections","VariationWeight","ActionFrame","TurningSpeed","GunTurningSpeed","TurnSmoothing","ExportName","SWF","Looping"
,"String","boolean","int","int","int","int","boolean","String","String","boolean"
,"walk","true",,,,,,"native_BG_run","sc/units.sc","true"
,"idle","true",1,,,,,"native_BG_idle1","sc/units.sc","true"
,"attack","true",1,14,,,,"native_BG_attack1","sc/units.sc","false"
,"celebrate","true",1,,,,,"native_BG_cheer1","sc/units.sc","true"
,"die","false",1,,,,,"death_ground_puff","sc/in-game.sc","false"
"Healer",,,,,,,,,,
,"Name","HasDirections","VariationWeight","ActionFrame","TurningSpeed","GunTurningSpeed","TurnSmoothing","ExportName","SWF","Looping"
,"String","boolean","int","int","int","int","boolean","String","String","boolean"
,"walk","true",,,,,,"medic_troop_lvl1_run1","sc/units.sc","true"
,"idle","true",1,,,,,"medic_troop_lvl1_idle1","sc/units.sc","true"
,"attack","true",1,3,,,,"medic_troop_lvl1_attack1","sc/units.sc","false"
,"celebrate","true",1,,,,,"medic_troop_lvl1_cheer1","sc/units.sc","true"
,"die","false",1,,,,,"death_ground_puff","sc/in-game.sc","false"
,"walkattack","true",,3,,,,"medic_troop_lvl1_runAtt","sc/units.sc","true"
"Healer_BG",,,,,,,,,,
,"Name","HasDirections","VariationWeight","ActionFrame","TurningSpeed","GunTurningSpeed","TurnSmoothing","ExportName","SWF","Looping"
,"String","boolean","int","int","int","int","boolean","String","String","boolean"
,"walk","true",,,,,,"medic_BG_lvl1_run1","sc/units.sc","true"
,"idle","true",1,,,,,"medic_BG_lvl1_idle1","sc/units.sc","true"
,"attack","true",1,3,,,,"medic_BG_lvl1_attack1","sc/units.sc","false"
,"celebrate","true",1,,,,,"medic_BG_lvl1_cheer1","sc/units.sc","true"
,"die","false",1,,,,,"death_ground_puff","sc/in-game.sc","false"
,"walkattack","true",,3,,,,"medic_BG_lvl1_runAtt","sc/units.sc","true"
"Native_slave",,,,,,,,,,
,"Name","HasDirections","VariationWeight","ActionFrame","TurningSpeed","GunTurningSpeed","TurnSmoothing","ExportName","SWF","Looping"
,"String","boolean","int","int","int","int","boolean","String","String","boolean"
,"walk","true",,,,,,"villager_native_boy_walk1","sc/units.sc","true"
,"idle","true",1,,,,,"villager_native_boy_idle1","sc/units.sc","true"
,,"true",1,,,,,"villager_native_boy_idle1","sc/units.sc","true"
,"busy","true",1,10,,,,"villager_native_boy_cheer1","sc/units.sc","false"
,,"true",1,10,,,,"villager_native_boy_cheer1","sc/units.sc","false"
,"celebrate","true",5,,,,,"villager_native_boy_cheer1","sc/units.sc","true"
,,"true",2,,,,,"villager_native_boy_cheer1","sc/units.sc","true"
,,"true",1,,,,,"villager_native_boy_cheer1","sc/units.sc","true"
,"die","false",1,,,,,"death_ground_puff","sc/in-game.sc","false"
"Granadier",,,,,,,,,,
,"Name","HasDirections","VariationWeight","ActionFrame","TurningSpeed","GunTurningSpeed","TurnSmoothing","ExportName","SWF","Looping"
,"String","boolean","int","int","int","int","boolean","String","String","boolean"
,"walk","true",,,,,,"granadier_lvl1_run","sc/units.sc","true"
,"idle","true",1,,,,,"granadier_lvl1_idle","sc/units.sc","true"
,"attack","true",1,11,,,,"granadier_lvl1_attack","sc/units.sc","false"
,"celebrate","true",1,,,,,"granadier_lvl1_idle","sc/units.sc","true"
,"die","false",1,,,,,"death_ground_puff","sc/in-game.sc","false"
"Granadier_BG",,,,,,,,,,
,"Name","HasDirections","VariationWeight","ActionFrame","TurningSpeed","GunTurningSpeed","TurnSmoothing","ExportName","SWF","Looping"
,"String","boolean","int","int","int","int","boolean","String","String","boolean"
,"walk","true",,,,,,"granadier_BG_lvl1_run","sc/units.sc","true"
,"idle","true",1,,,,,"granadier_BG_lvl1_idle","sc/units.sc","true"
,"attack","true",1,11,,,,"granadier_BG_lvl1_attack","sc/units.sc","false"
,"celebrate","true",1,,,,,"granadier_BG_lvl1_idle","sc/units.sc","true"
,"die","false",1,,,,,"death_ground_puff","sc/in-game.sc","false"
"Flame_Tank",,,,,,,,,,
,"Name","HasDirections","VariationWeight","ActionFrame","TurningSpeed","GunTurningSpeed","TurnSmoothing","ExportName","SWF","Looping"
,"String","boolean","int","int","int","int","boolean","String","String","boolean"
,"walk","true",,,3,2,"false","Ftank_lvl1_drive1","sc/units.sc","true"
,"idle","true",1,,3,2,"false","Ftank_lvl1_idle","sc/units.sc","false"
,,"true",1,,3,2,"false","Ftank_lvl1_idle","sc/units.sc","true"
,"attack","true",1,3,3,2,"false","Ftank_lvl1_idle","sc/units.sc","false"
,"celebrate","true",1,,3,2,"false","Ftank_lvl1_idle","sc/units.sc","true"
,"die","false",1,,3,2,"false","death_ground_puff","sc/in-game.sc","false"
"Flame_Tank_BG",,,,,,,,,,
,"Name","HasDirections","VariationWeight","ActionFrame","TurningSpeed","GunTurningSpeed","TurnSmoothing","ExportName","SWF","Looping"
,"String","boolean","int","int","int","int","boolean","String","String","boolean"
,"walk","true",,,3,2,"false","fank_BG_lvl1_drive1","sc/units.sc","true"
,"idle","true",1,,3,2,"false","fank_BG_lvl1_idle","sc/units.sc","false"
,,"true",1,,3,2,"false","fank_BG_lvl1_idle","sc/units.sc","true"
,"attack","true",1,3,3,2,"false","fank_BG_lvl1_idle","sc/units.sc","false"
,"celebrate","true",1,,3,2,"false","fank_BG_lvl1_idle","sc/units.sc","true"
,"die","false",1,,3,2,"false","death_ground_puff","sc/in-game.sc","false"
