"Name","HousingSpace","HeroHouseLevel","UnlockTownHallLevel","UpgradeHouseLevel","Speed","Hitpoints","TrainingTime","TrainingCost","UpgradeTimeH","UpgradeCost","MaxAttackRange","AttackRange","AttackSpeed","Damage","LifeLeach","DamageSpread","DamageOverFiveSeconds","PreferedTargetDamageMod","DamageRadius","PreferedTargetBuilding","IsFlying","AirTargets","GroundTargets","AttackCount","Energy","EnergyIncrease","UpgradeCostArtifacts","UpgradeCostArtifactResource","RepairCost","IsNpc","CanAttackWhileWalking","TurnTowardsTarget","Armored","XpGain","TID","InfoTID","SubtitleTID","FlavorTID","SWF","SpeedTID","AttackRangeTID","IconSWF","IconExportName","BigPictureSWF","BigPicture","Projectile","DeployEffect","AttackEffect","AttackEffect2","AttackEffect3","HitEffect","DisembarkEffect","DieEffect","Animation","AnimationEnemy","MissEffect","Footstep"
"String","int","int","int","int","int","int","int","String","int","String","int","int","int","int","int","int","int","int","int","String","boolean","boolean","boolean","int","int","int","int","String","int","boolean","boolean","boolean","boolean","int","String","String","String","String","String","String","String","String","String","String","String","String","String","String","String","String","String","String","String","String","String","String","String"
"Rifleman",1,,1,1,220,140,60,20,2,9500,,470,1000,30,,0,,1,,,"false","false","true",,0,1,,,,,,"true","false",14,"TID_RIFLEMAN","TID_RIFLEMAN_INFO","TID_RIFLEMAN_SUBTITLE","TID_RIFLEMAN_FLAVOR","sc/units.sc","TID_MODERATE","TID_MEDIUM","sc/ui.sc","icon_assault_troop","sc/tutorial.sc","unit_assault_troop","Machine Gun Ammo","Troop Deploy Assault Troop","Assault Troop Attack","Attack Small Ground Flash",,"Assault Troop Hit","Assault Troop Disembark","Assault Troop Die","Assault Troop","Assault Troop BG",,"Rifleman step"
,,,,1,,150,,50,3,19500,,,,32,,,,,,,,,,,,,,,,,,,,17,,,,,,,,,,,,,,,,,,,,,,,
,,,,2,,160,,100,6,42000,,,,35,,,,,,,,,,,,,,,,,,,,24,,,,,,,,,,,,,,,,,,,,,,,
,,,,3,,172,,150,8,83000,,,,38,,,,,,,,,,,,,,,,,,,,30,,,,,,,,,,,,,,,,,,,,,,,
,,,,4,,184,,200,12,140000,,,,41,,,,,,,,,,,,,,,,,,,,37,,,,,,,,,,,,,,,,,,,,,,,
,,,,5,,196,,250,17,236000,,,,44,,,,,,,,,,,,,,,,,,,,43,,,,,,,,,,,,,,,,,,,,,,,
,,,,6,,210,,300,22,370000,,,,48,,,,,,,,,,,,,,,,,,,,50,,,,,,,,,,,,,,,,,,,,,,,
,,,,7,,225,,350,25,540000,,,,52,,,,,,,,,,,,,,,,,,,,52,,,,,,,,,,,,,,,,,,,,,,,
,,,,8,,241,,400,25,630000,,,,56,,,,,,,,,,,,,,,,,,,,52,,,,,,,,,,,,,,,,,,,,,,,
,,,,9,,257,,450,28,710000,,,,61,,,,,,,,,,,,,,,,,,,,55,,,,,,,,,,,,,,,,,,,,,,,
,,,,10,,275,,500,33,970000,,,,66,,,,,,,,,,,,,,,,,,,,61,,,,,,,,,,,,,,,,,,,,,,,
,,,,11,,295,,600,39,1320000,,,,71,,,,,,,,,,,,,,,,,,,,67,,,,,,,,,,,,,,,,,,,,,,,
,,,,12,,315,,700,39,1500000,,,,77,,,,,,,,,,,,,,,,,,,,67,,,,,,,,,,,,,,,,,,,,,,,
,,,,13,,337,,800,48,1800000,,,,84,,,,,,,,,,,,,,,,,,,,74,,,,,,,,,,,,,,,,,,,,,,,
,,,,14,,361,,900,53,2480000,,,,90,,,,,,,,,,,,,,,,,,,,78,,,,,,,,,,,,,,,,,,,,,,,
,,,,15,,386,,1000,53,2850000,,,,98,,,,,,,,,,,,,,,,,,,,78,,,,,,,,,,,,,,,,,,,,,,,
,,,,16,,413,,1100,59,3200000,,,,106,,,,,,,,,,,,,,,,,,,,83,,,,,,,,,,,,,,,,,,,,,,,
,,,,17,,442,,1200,61,3800000,,,,115,,,,,,,,,,,,,,,,,,,,84,,,,,,,,,,,,,,,,,,,,,,,
,,,,18,,473,,1300,65,4400000,,,,124,,,,,,,,,,,,,,,,,,,,87,,,,,,,,,,,,,,,,,,,,,,,
,,,,19,,506,,1400,,,,,,134,,,,,,,,,,,,,,,,,,,,,,,,,,,,,,,,,,,,,,,,,,,
"Heavy",4,,2,1,230,1000,360,300,3,10400,700,330,100,26,,130,,1,20,,"false","false","true",,0,1,,,,,"true","true","false",17,"TID_HEAVY","TID_HEAVY_INFO","TID_HEAVY_SUBTITLE","TID_HEAVY_FLAVOR","sc/units.sc","TID_MODERATE","TID_SHORT","sc/ui.sc","icon_heavy_gunner","sc/tutorial.sc","unit_heavy_gunner","Machine Gun Ammo","Troop Deploy Assault Troop","Heavy Gunner Attack","Attack Ground Flash",,"Heavy Gunner Hit","Heavy Gunner Disembark","Heavy Gunner Die","Heavy Gunner","Heavy Gunner BG","Machine Gun Hit","Heavy step"
,,,,1,,1080,,500,4,21800,,,,28,,,,,,,,,,,,,,,,,,,,20,,,,,,,,,,,,,,,,,,,,,,,
,,,,2,,1166,,700,7,47000,,,,31,,,,,,,,,,,,,,,,,,,,26,,,,,,,,,,,,,,,,,,,,,,,
,,,,3,,1260,,900,9,94000,,,,33,,,,,,,,,,,,,,,,,,,,33,,,,,,,,,,,,,,,,,,,,,,,
,,,,4,,1360,,1100,14,159000,,,,36,,,,,,,,,,,,,,,,,,,,38,,,,,,,,,,,,,,,,,,,,,,,
,,,,5,,1469,,1400,19,268000,,,,39,,,,,,,,,,,,,,,,,,,,45,,,,,,,,,,,,,,,,,,,,,,,
,,,,6,,1587,,1700,25,420000,,,,42,,,,,,,,,,,,,,,,,,,,52,,,,,,,,,,,,,,,,,,,,,,,
,,,,7,,1714,,2000,28,610000,,,,46,,,,,,,,,,,,,,,,,,,,56,,,,,,,,,,,,,,,,,,,,,,,
,,,,8,,1851,,2400,28,720000,,,,50,,,,,,,,,,,,,,,,,,,,56,,,,,,,,,,,,,,,,,,,,,,,
,,,,9,,1999,,2800,32,800000,,,,54,,,,,,,,,,,,,,,,,,,,59,,,,,,,,,,,,,,,,,,,,,,,
,,,,10,,2159,,3200,37,1100000,,,,59,,,,,,,,,,,,,,,,,,,,66,,,,,,,,,,,,,,,,,,,,,,,
,,,,11,,2332,,3600,44,1500000,,,,64,,,,,,,,,,,,,,,,,,,,71,,,,,,,,,,,,,,,,,,,,,,,
,,,,12,,2518,,4000,44,1700000,,,,69,,,,,,,,,,,,,,,,,,,,71,,,,,,,,,,,,,,,,,,,,,,,
,,,,13,,2720,,4400,54,2040000,,,,75,,,,,,,,,,,,,,,,,,,,80,,,,,,,,,,,,,,,,,,,,,,,
,,,,14,,2937,,4800,60,2810000,,,,81,,,,,,,,,,,,,,,,,,,,83,,,,,,,,,,,,,,,,,,,,,,,
,,,,15,,3172,,5200,60,3200000,,,,88,,,,,,,,,,,,,,,,,,,,83,,,,,,,,,,,,,,,,,,,,,,,
,,,,16,,3426,,5600,67,3600000,,,,96,,,,,,,,,,,,,,,,,,,,88,,,,,,,,,,,,,,,,,,,,,,,
,,,,17,,3700,,6000,70,4300000,,,,104,,,,,,,,,,,,,,,,,,,,90,,,,,,,,,,,,,,,,,,,,,,,
,,,,18,,3996,,6500,73,5000000,,,,113,,,,,,,,,,,,,,,,,,,,92,,,,,,,,,,,,,,,,,,,,,,,
,,,,19,,4316,,7000,,,,,,123,,,,,,,,,,,,,,,,,,,,,,,,,,,,,,,,,,,,,,,,,,,
"Zooka",2,,5,2,180,50,240,220,4,17100,,720,2000,80,,0,,1,,,"false","false","true",,0,1,,,,,,"true","false",20,"TID_ZOOKA","TID_ZOOKA_INFO","TID_ZOOKA_SUBTITLE","TID_ZOOKA_FLAVOR","sc/units.sc","TID_SLOW","TID_LONG","sc/ui.sc","icon_bazooka_unit","sc/tutorial.sc","unit_bazooka_unit","Bazooka Ammo","Troop Deploy Assault Troop","Bazooka Unit Attack","Attack Ground Flash",,"Bazooka Unit Hit","Bazzoka Troop disembark","Bazooka Unit Die","Bazooka Girl","Bazooka Girl BG",,"Zooka step"
,,,,2,,54,,330,8,46000,,,,88,,,,,,,,,,,,,,,,,,,,30,,,,,,,,,,,,,,,,,,,,,,,
,,,,3,,59,,450,11,99000,,,,97,,,,,,,,,,,,,,,,,,,,34,,,,,,,,,,,,,,,,,,,,,,,
,,,,4,,64,,550,16,168000,,,,106,,,,,,,,,,,,,,,,,,,,42,,,,,,,,,,,,,,,,,,,,,,,
,,,,5,,70,,700,22,284000,,,,117,,,,,,,,,,,,,,,,,,,,50,,,,,,,,,,,,,,,,,,,,,,,
,,,,6,,76,,850,30,450000,,,,129,,,,,,,,,,,,,,,,,,,,57,,,,,,,,,,,,,,,,,,,,,,,
,,,,7,,83,,1000,33,650000,,,,142,,,,,,,,,,,,,,,,,,,,60,,,,,,,,,,,,,,,,,,,,,,,
,,,,8,,90,,1150,33,760000,,,,156,,,,,,,,,,,,,,,,,,,,60,,,,,,,,,,,,,,,,,,,,,,,
,,,,9,,98,,1300,37,850000,,,,171,,,,,,,,,,,,,,,,,,,,64,,,,,,,,,,,,,,,,,,,,,,,
,,,,10,,107,,1450,44,1160000,,,,189,,,,,,,,,,,,,,,,,,,,71,,,,,,,,,,,,,,,,,,,,,,,
,,,,11,,116,,1600,51,1590000,,,,207,,,,,,,,,,,,,,,,,,,,77,,,,,,,,,,,,,,,,,,,,,,,
,,,,12,,126,,1800,51,1800000,,,,228,,,,,,,,,,,,,,,,,,,,77,,,,,,,,,,,,,,,,,,,,,,,
,,,,13,,138,,2000,64,2160000,,,,251,,,,,,,,,,,,,,,,,,,,86,,,,,,,,,,,,,,,,,,,,,,,
,,,,14,,150,,2200,70,2970000,,,,276,,,,,,,,,,,,,,,,,,,,91,,,,,,,,,,,,,,,,,,,,,,,
,,,,15,,163,,2400,70,3400000,,,,304,,,,,,,,,,,,,,,,,,,,91,,,,,,,,,,,,,,,,,,,,,,,
,,,,16,,177,,2600,79,3800000,,,,334,,,,,,,,,,,,,,,,,,,,96,,,,,,,,,,,,,,,,,,,,,,,
,,,,17,,193,,2800,82,4500000,,,,368,,,,,,,,,,,,,,,,,,,,97,,,,,,,,,,,,,,,,,,,,,,,
,,,,18,,210,,3000,86,5300000,,,,404,,,,,,,,,,,,,,,,,,,,100,,,,,,,,,,,,,,,,,,,,,,,
,,,,19,,228,,3200,88,6100000,,,,445,,,,,,,,,,,,,,,,,,,,101,,,,,,,,,,,,,,,,,,,,,,,
,,,,20,,248,,3400,,,,,,489,,,,,,,,,,,,,,,,,,,,,,,,,,,,,,,,,,,,,,,,,,,
"Warrior",3,,8,5,320,400,180,800,16,155000,,90,1000,160,40,0,,1,,,"false","false","true",,0,1,,,,,,"true","false",42,"TID_WARRIOR","TID_WARRIOR_INFO","TID_WARRIOR_SUBTITLE","TID_WARRIOR_FLAVOR","sc/units.sc","TID_FAST","TID_MELEE","sc/ui.sc","icon_unit_barbarian","sc/tutorial.sc","unit_pistolunit_big",,"Troop Deploy Assault Troop","Native Attack",,,"Native hammerhit","Native Disembark","Demolition Troop Die","Native_Warrior","Native_Warrior BG",,"Warrior step"
,,,,5,,424,,1000,22,294000,,,,169,42,,,,,,,,,,,,,,,,,,,50,,,,,,,,,,,,,,,,,,,,,,,
,,,,6,,449,,1200,30,470000,,,,179,44,,,,,,,,,,,,,,,,,,,57,,,,,,,,,,,,,,,,,,,,,,,
,,,,7,,475,,1400,33,680000,,,,189,46,,,,,,,,,,,,,,,,,,,60,,,,,,,,,,,,,,,,,,,,,,,
,,,,8,,503,,1600,33,800000,,,,200,48,,,,,,,,,,,,,,,,,,,60,,,,,,,,,,,,,,,,,,,,,,,
,,,,9,,533,,1800,37,900000,,,,212,50,,,,,,,,,,,,,,,,,,,64,,,,,,,,,,,,,,,,,,,,,,,
,,,,10,,564,,2000,44,1230000,,,,224,52,,,,,,,,,,,,,,,,,,,71,,,,,,,,,,,,,,,,,,,,,,,
,,,,11,,597,,2200,51,1680000,,,,237,54,,,,,,,,,,,,,,,,,,,77,,,,,,,,,,,,,,,,,,,,,,,
,,,,12,,633,,2400,51,1900000,,,,251,56,,,,,,,,,,,,,,,,,,,77,,,,,,,,,,,,,,,,,,,,,,,
,,,,13,,670,,2600,64,2280000,,,,266,58,,,,,,,,,,,,,,,,,,,86,,,,,,,,,,,,,,,,,,,,,,,
,,,,14,,710,,2800,70,3140000,,,,281,60,,,,,,,,,,,,,,,,,,,91,,,,,,,,,,,,,,,,,,,,,,,
,,,,15,,751,,3000,70,3600000,,,,297,62,,,,,,,,,,,,,,,,,,,91,,,,,,,,,,,,,,,,,,,,,,,
,,,,16,,796,,3200,79,4000000,,,,315,64,,,,,,,,,,,,,,,,,,,96,,,,,,,,,,,,,,,,,,,,,,,
,,,,17,,843,,3400,79,4500000,,,,333,66,,,,,,,,,,,,,,,,,,,96,,,,,,,,,,,,,,,,,,,,,,,
,,,,17,,892,,3600,82,4800000,,,,352,68,,,,,,,,,,,,,,,,,,,97,,,,,,,,,,,,,,,,,,,,,,,
,,,,18,,945,,3800,86,5600000,,,,373,70,,,,,,,,,,,,,,,,,,,100,,,,,,,,,,,,,,,,,,,,,,,
,,,,19,,1001,,4000,88,6400000,,,,394,72,,,,,,,,,,,,,,,,,,,101,,,,,,,,,,,,,,,,,,,,,,,
,,,,20,,1060,,4200,0,0,,,,417,74,,,,,,,,,,,,,,,,,,,,,,,,,,,,,,,,,,,,,,,,,,
"Tank",8,,11,9,150,2000,1440,8000,42,620000,,820,3500,140,,,,1,,,"false","false","true",,2,1,,,,,"true","false","false",68,"TID_TANK","TID_TANK_INFO","TID_TANK_SUBTITLE","TID_TANK_FLAVOR","sc/units.sc","TID_SLOW","TID_LONG","sc/ui.sc","icon_unit_armored","sc/tutorial.sc","unit_armoredunit_big","Tank Shell","Troop Deploy Assault Troop","Tank Attack",,,"Tank Hit",,"Tank Die","Armored_troop","Tank BG",,"Tank step"
,,,,9,,2156,,9000,47,1030000,,,,153,,,,,,,,,,,,,,,,,,,,72,,,,,,,,,,,,,,,,,,,,,,,
,,,,10,,2320,,10000,54,1890000,,,,166,,,,,,,,,,,,,,,,,,,,80,,,,,,,,,,,,,,,,,,,,,,,
,,,,11,,2510,,11000,64,2540000,,,,181,,,,,,,,,,,,,,,,,,,,87,,,,,,,,,,,,,,,,,,,,,,,
,,,,12,,2700,,12000,64,2570000,,,,198,,,,,,,,,,,,,,,,,,,,87,,,,,,,,,,,,,,,,,,,,,,,
,,,,13,,2910,,13000,80,3900000,,,,215,,,,,,,,,,,,,,,,,,,,96,,,,,,,,,,,,,,,,,,,,,,,
,,,,14,,3140,,14000,88,5300000,,,,235,,,,,,,,,,,,,,,,,,,,101,,,,,,,,,,,,,,,,,,,,,,,
,,,,15,,3380,,15000,88,5300000,,,,256,,,,,,,,,,,,,,,,,,,,101,,,,,,,,,,,,,,,,,,,,,,,
,,,,15,,3650,,16000,88,5400000,,,,279,,,,,,,,,,,,,,,,,,,,101,,,,,,,,,,,,,,,,,,,,,,,
,,,,16,,3930,,17000,99,6300000,,,,304,,,,,,,,,,,,,,,,,,,,107,,,,,,,,,,,,,,,,,,,,,,,
,,,,17,,4240,,18000,102,7300000,,,,331,,,,,,,,,,,,,,,,,,,,109,,,,,,,,,,,,,,,,,,,,,,,
,,,,18,,4570,,19000,108,7400000,,,,361,,,,,,,,,,,,,,,,,,,,112,,,,,,,,,,,,,,,,,,,,,,,
,,,,19,,4930,,20000,111,7500000,,,,394,,,,,,,,,,,,,,,,,,,,114,,,,,,,,,,,,,,,,,,,,,,,
,,,,20,,5310,,21000,111,7600000,,,,429,,,,,,,,,,,,,,,,,,,,114,,,,,,,,,,,,,,,,,,,,,,,
,,,,20,,5720,,22000,0,0,,,,468,,,,,,,,,,,,,,,,,,,,,,,,,,,,,,,,,,,,,,,,,,,
"AI Units",1,,1,1,300,24,60,0,1,1100,,470,800,50,,0,,1,,,"false","false","true",,0,1,,,,"true",,"true","false",,"TID_UNUSED","TID_UNUSED","TID_UNUSED","TID_UNUSED","sc/units.sc","TID_FAST","TID_MELEE","sc/ui.sc","icon_unit_barbarian","sc/tutorial.sc","unit_pistolunit_big","Machine Gun Ammo","Troop Deploy Assault Troop","Assault Troop Attack",,,"Assault Troop Hit",,"Assault Troop Die","Assault Troop BG","Assault Troop BG",,"Rifleman step"
"Healer",5,,15,14,270,500,600,5000,70,1680000,800,400,600,-20,,0,,1,200,,"false","false","true",,0,1,,,,,"true","true","false",83,"TID_MEDIC","TID_MEDIC_INFO","TID_MEDIC_SUBTITLE","TID_MEDIC_FLAVOR","sc/units.sc","TID_MODERATE","TID_SHORT","sc/ui.sc","icon_unit_healer","sc/tutorial.sc","unit_medic_big","HealerAmmo","Troop Deploy Assault Troop",,,,"Healer_area","Medic Disembark","Healer Unit Die","Healer","Healer_BG",,"Healer step"
,,,,14,,544,,5500,77,2740000,,,,-21,,,,,,,,,,,,,,,,,,,,91,,,,,,,,,,,,,,,,,,,,,,,
,,,,15,,592,,6000,77,3300000,,,,-22,,,,,,,,,,,,,,,,,,,,91,,,,,,,,,,,,,,,,,,,,,,,
,,,,15,,644,,6500,77,3400000,,,,-23,,,,,,,,,,,,,,,,,,,,91,,,,,,,,,,,,,,,,,,,,,,,
,,,,16,,701,,7000,87,3800000,,,,-24,,,,,,,,,,,,,,,,,,,,102,,,,,,,,,,,,,,,,,,,,,,,
,,,,17,,762,,7500,90,4500000,,,,-25,,,,,,,,,,,,,,,,,,,,106,,,,,,,,,,,,,,,,,,,,,,,
,,,,18,,829,,8000,90,4800000,,,,-26,,,,,,,,,,,,,,,,,,,,106,,,,,,,,,,,,,,,,,,,,,,,
,,,,18,,902,,9000,95,5300000,,,,-27,,,,,,,,,,,,,,,,,,,,112,,,,,,,,,,,,,,,,,,,,,,,
,,,,19,,982,,10000,97,6100000,,,,-28,,,,,,,,,,,,,,,,,,,,114,,,,,,,,,,,,,,,,,,,,,,,
,,,,20,,1068,,11000,97,6400000,,,,-29,,,,,,,,,,,,,,,,,,,,114,,,,,,,,,,,,,,,,,,,,,,,
,,,,20,,1162,,12000,0,0,,,,-30,,,,,,,,,,,,,,,,,,,,,,,,,,,,,,,,,,,,,,,,,,,
"Grenadier",6,,16,16,250,450,900,8000,88,4000000,,1130,2000,100,,200,,1,190,,"false","false","true",,0,1,,,,,,"true","false",93,"TID_GRENADIER","TID_GRENADIER_INFO","TID_GRENADIER_SUBTITLE","TID_GRENADIER_FLAVOR","sc/units.sc","TID_MODERATE","TID_VERY_LONG","sc/ui.sc","icon_unit_grenadier","sc/tutorial.sc","unit_grenadier_big","Grenadier Ammo","Troop Deploy Assault Troop","Grenadier Throwgrenade",,,"Grenadier Hit","Grenadier Disembark","Grenadier Troop Die","Granadier","Granadier_BG",,"Heavy step"
,,,,16,,477,,9000,99,4600000,,,,108,,,,,,,,,,,,,,,,,,,,99,,,,,,,,,,,,,,,,,,,,,,,
,,,,17,,506,,10000,99,5200000,,,,116,,,,,,,,,,,,,,,,,,,,99,,,,,,,,,,,,,,,,,,,,,,,
,,,,17,,536,,11000,102,5500000,,,,124,,,,,,,,,,,,,,,,,,,,100,,,,,,,,,,,,,,,,,,,,,,,
,,,,18,,568,,12000,102,5900000,,,,134,,,,,,,,,,,,,,,,,,,,100,,,,,,,,,,,,,,,,,,,,,,,
,,,,18,,602,,13000,108,6500000,,,,144,,,,,,,,,,,,,,,,,,,,103,,,,,,,,,,,,,,,,,,,,,,,
,,,,19,,638,,14000,108,7000000,,,,154,,,,,,,,,,,,,,,,,,,,103,,,,,,,,,,,,,,,,,,,,,,,
,,,,19,,680,,15000,111,7400000,,,,166,,,,,,,,,,,,,,,,,,,,105,,,,,,,,,,,,,,,,,,,,,,,
,,,,20,,720,,16000,111,7800000,,,,178,,,,,,,,,,,,,,,,,,,,105,,,,,,,,,,,,,,,,,,,,,,,
,,,,20,,760,,17000,0,0,,,,192,,,,,,,,,,,,,,,,,,,,,,,,,,,,,,,,,,,,,,,,,,,
"Flamer",21,,18,18,230,25000,3000,25000,106,5400000,700,330,500,350,,,1050,1,,,"false","false","true",,12,1,,,,,"true","false","false",102,"TID_FLAMER","TID_FLAMER_INFO","TID_FLAMER_SUBTITLE","TID_FLAMER_FLAVOR","sc/units.sc","TID_MODERATE","TID_MEDIUM","sc/ui.sc","icon_unit_flamer","sc/tutorial.sc","unit_flamer_big","Flamer Ammo","Troop Deploy Assault Troop","FlamerTank Attack","Flamer Attack Solid2",,,,"Flame Tank Explosion","Flame_Tank","Flame_Tank_BG",,"Scorcher step"
,,,,18,,26800,,30000,106,5900000,,,,385,,,1155,,,,,,,,,,,,,,,,,102,,,,,,,,,,,,,,,,,,,,,,,
,,,,18,,28600,,35000,112,6500000,,,,424,,,1272,,,,,,,,,,,,,,,,,105,,,,,,,,,,,,,,,,,,,,,,,
,,,,19,,30600,,40000,112,7100000,,,,466,,,1398,,,,,,,,,,,,,,,,,105,,,,,,,,,,,,,,,,,,,,,,,
,,,,19,,32800,,45000,112,7200000,,,,512,,,1536,,,,,,,,,,,,,,,,,105,,,,,,,,,,,,,,,,,,,,,,,
,,,,19,,35000,,50000,115,7600000,,,,564,,,1692,,,,,,,,,,,,,,,,,107,,,,,,,,,,,,,,,,,,,,,,,
,,,,20,,37500,,55000,115,8000000,,,,620,,,1860,,,,,,,,,,,,,,,,,107,,,,,,,,,,,,,,,,,,,,,,,
,,,,20,,40000,,60000,0,0,,,,682,,,2046,,,,,,,,,,,,,,,,,,,,,,,,,,,,,,,,,,,,,,,,
