"Name","SWF","ExportName","Sound","Volume","MinPitch","MaxPitch","ParticleEmitter","CameraShake","AttachToParent","Looping","IsoLayer","Targeted","MaxSounds","IgnoreTargetedScaling","StartOffset","UseFlashOffset"
"String","String","String","String","int","int","int","String","int","boolean","boolean","String","boolean","int","boolean","int","boolean"
"PowerCellDestroyed",,,"sfx/building_destroyed_01.wav",70,85,95,"Hit Ring1",50,,,"objects",,1,,500,
,,,,,,,"Explosion_ground",,,,,,1,,,
,,,,,,,"Explosion_afterglow",,,,,,,,,
,,,,,,,"Explosion_smoke3",,,,,,,,,
,,,,,,,"Hit Light1",,,,,,,,,
,,,,,,,"Reef_debris_greenglass_powercell",,,,,,,,,
,,,,,,,"explosion_big_powercell",,,,,,,,,
,,,,,,,"Explosion_blink",,,,,,,,,
,,,,,,,"Reef_debris_tile_green",,,,,,,,,
,,,,,,,"powercore_sparks_longer",,,,,,,,,
,,,,,,,"light_beam_powercell",,,,,,,,,
,,,,,,,"SmokePuffBig",,,,,,,,,
,,,,,,,,,,,,,,,,
"PowerCoreDestroyed",,,"sfx/building_destroyed_01.wav",70,85,95,"SmokePuffHuge",80,,,"objects",,1,,500,
,,,,,,,"explosion_big_powercore",,,,,,,,,
,,,,,,,"Explosion_multiple_small_longer",,,,,,,,,
,,,,,,,"Explosion_smoke_dispersing_big",,,,,,,,,
,,,,,,,"Explosion_ground_powercore",,,,,,,,,
,,,,,,,"Reef_debris_powercore",,,,,,,,,
,,,,,,,"Explosion_blink_powercore",,,,,,,,,
,,,,,,,"Explosion_spark1",,,,,,,,,
,,,,,,,"Explosion_sparks",,,,,,,,,
,,,,,,,"Reef_debris_greenglass_powercore",,,,,,,,,
,,,,,,,"Reef_debris_greenglass_powercore_2",,,,,,,,,
,,,,,,,"light_beam_powercore",,,,,,,,,
,,,,,,,"powercore_sparks_longer",,,,,,,,,
,,,,,,,"Hit Ring1",,,,,,,,,
,,,,,,,"powercore smoke",,,,,,,,,
,,,,,,,"Burning_Outpost_powercore",,,,,,,,,
"Character burning",,,,,,,"Character burning",,"true",,"top",,1,,,
,,,,,,,"Character burning",,"true",,"ground",,1,,,
"statue break",,,"sfx/statue_break_01.wav",,,,"Hit Ring1",,,,"top",,1,,,
,,,,,,,"hit_light_magic",,,,,,,,,
,,,,,,,"Reef_debris_bricks_dark_small",,,,"top",,,,,
,,,,,,,"Reef_debris_bricks_dark",,,,"top",,,,,
,,,,,,,"Reef_debris_bricks_dark_small",,,,"top",,,,,
,,,,,,,"Reef_debris_bricks_dark2",,,,"top",,,,,
,,,,,,,"native_hit_flash",,,,"top",,,,,
,,,,,,,"Warrior Hit Ring",,,,"top",,,,,
,,,,,,,"Reef_debris_bricks_dark_small",,,,"top",,,,,
,,,,,,,"warrior_blink",,,,"top",,,,,
,,,,,,,"Warrior_sparks",,,,"top",,,,,
,,,,,,,"Soot",,,,"ground",,,,,
,,,,,,,"Explosion_ground",,,,"ground",,,,,
"statue boost",,,"sfx/statue_boost_01.wav",,,,"Attack_ground_flash_magic_longer",,"true",,"top",,,,,
,,,,,,,"magical sparks floating",,,,,,,,,
,,,,,,,"hit_light_magic_longer",,,,,,,,,
,,,,,,,"Warrior_sparks_longer",,,,,,,,,
,,,,,,,"Hit Ring1",,,,,,,,,
"statue boosted",,,,,,,"magical sparks floating",,,,"ground",,,,,
,,,,,,,,,,,,,,,,
"Flamethrower Attack",,,"sfx/flame_thrower_01.wav",80,95,105,"FireEndSmoke",,"true",,"objects",,1,,,
,,,,,,,"FireSpread",,"true",,,,,,,
,,,,,,,"FireWhite",,"true",,,,1,,,
,,,,,,,,,,,,,,,,
"Flamethrower Attack Solid",,,,,,,"FireSolid",,"true",,"ground",,1,,,
,,,,,,,,,,,,,,,,
"Flamethrower Attack2",,,"sfx/flame_thrower_01.wav",80,95,105,"FireEndSmoke2",,"true",,"top",,1,,,
,,,,,,,"FireSpread2",,"true",,"top",,,,,
,,,,,,,"FireWhite2",,"true",,"top",,1,,,
"Native hammerhit",,,"sfx/native_hammerhit_01.wav",40,92,110,,,"true",,"objects","true",1,"true",600,
"Native Attack",,,"sfx/native_attack_04.wav",40,95,102,"native_hit_flash",,"true",,"objects",,1,"true",600,"true"
,,,"sfx/native_attack_01.wav",40,95,102,"Warrior Hit Ring",,,,"objects","true",,"true",600,
,,,"sfx/native_attack_02.wav",40,95,102,"Reef_debris_wood_small",,,,"objects",,,,600,
,,,"sfx/native_attack_03.wav",40,95,102,"Reef_debris_bricks_dark_small",,,,"objects",,,,600,
,,,,,,,"warrior_blink",,"true",,"objects","true",,,600,
,,,,,,,"Warrior_sparks",,,,"top",,,,600,
"Smokescreen_1",,,"sfx/smoke_screen_01.wav",70,95,105,"Hit Ring1",,,,"ground",,1,,,
,,,,,,,"Explosion_ground",,,,,,,,,
,,,,,,,"Explosion_afterglow",,,,,,,,,
,,,,,,,"Explosion_smokescreen_1",,,,,,,,,
,,,,,,,"smokescreen_ring_1",,,,,,,,,
,,,,,,,"smokescreen_area_1",,,,,,,,,
"Smokescreen_2",,,"sfx/smoke_screen_01.wav",70,95,105,"Hit Ring1",,,,"ground",,1,,,
,,,,,,,"Explosion_ground",,,,,,,,,
,,,,,,,"Explosion_afterglow",,,,,,,,,
,,,,,,,"Explosion_smokescreen_2",,,,,,,,,
,,,,,,,"smokescreen_ring_2",,,,,,,,,
,,,,,,,"smokescreen_area_2",,,,,,,,,
"Smokescreen_3",,,"sfx/smoke_screen_01.wav",70,95,105,"Hit Ring1",,,,"ground",,1,,,
,,,,,,,"Explosion_ground",,,,,,,,,
,,,,,,,"Explosion_afterglow",,,,,,,,,
,,,,,,,"Explosion_smokescreen_3",,,,,,,,,
,,,,,,,"smokescreen_ring_3",,,,,,,,,
,,,,,,,"smokescreen_area_3",,,,,,,,,
"Smokescreen_4",,,"sfx/smoke_screen_01.wav",70,95,105,"Hit Ring1",,,,"ground",,1,,,
,,,,,,,"Explosion_ground",,,,,,,,,
,,,,,,,"Explosion_afterglow",,,,,,,,,
,,,,,,,"Explosion_smokescreen_4",,,,,,,,,
,,,,,,,"smokescreen_ring_4",,,,,,,,,
,,,,,,,"smokescreen_area_4",,,,,,,,,
"Smokescreen_5",,,"sfx/smoke_screen_01.wav",70,95,105,"Hit Ring1",,,,"ground",,1,,,
,,,,,,,"Explosion_ground",,,,,,,,,
,,,,,,,"Explosion_afterglow",,,,,,,,,
,,,,,,,"Explosion_smokescreen_5",,,,,,,,,
,,,,,,,"smokescreen_ring_5",,,,,,,,,
,,,,,,,"smokescreen_area_5",,,,,,,,,
"Smokescreen_6",,,"sfx/smoke_screen_01.wav",70,95,105,"Hit Ring1",,,,"ground",,1,,,
,,,,,,,"Explosion_ground",,,,"top",,,,,
,,,,,,,"Explosion_afterglow",,,,"top",,,,,
,,,,,,,"Explosion_smokescreen_6",,,,"top",,,,,
,,,,,,,"smokescreen_ring_6",,,,"top",,,,,
,,,,,,,"smokescreen_area_6",,,,,,,,,
,,,,,,,,,,,,,,,,
"Smokescreen_Shadow_1",,,,,,,"smokescreen_edge_1",,,,"ground",,,,,
,,,,,,,,,,,,,,,,
"Smokescreen_Shadow_2",,,,,,,"smokescreen_edge_2",,,,"ground",,,,,
,,,,,,,,,,,,,,,,
"Smokescreen_Shadow_3",,,,,,,"smokescreen_edge_3",,,,"ground",,,,,
,,,,,,,,,,,,,,,,
"Smokescreen_Shadow_4",,,,,,,"smokescreen_edge_4",,,,"ground",,,,,
,,,,,,,,,,,,,,,,
"Smokescreen_Shadow_5",,,,,,,"smokescreen_edge_5",,,,"ground",,,,,
,,,,,,,,,,,,,,,,
"Smokescreen_Shadow_6",,,,,,,"smokescreen_edge_6",,,,"ground",,,,,
,,,,,,,,,,,,,,,,
"Artillery Hit",,,"sfx/lightning_amb_01.wav",60,95,105,"bomb_crater_mortar",75,"true",,"objects",,1,,,
,,,,,,,"Soot",,,,"top",,1,,,
,,,,,,,"Explosion_afterglow",,,,"top",,1,,,
,,,,,,,"Hit Ring1",,,,"top",,1,,,
,,,,,,,"Hit Particles5",,,,"top",,1,,,
,,,,,,,"Explosion_smoke3",,,,,,,,,
,,,,,,,"Hit Light1",,,,,,,,,
,,,,,,,"Explosion_ground",,,,,,,,,
"Airstrike Hit",,,"sfx/lightning_amb_01.wav",70,95,105,"bomb_crater_mortar",40,"true",,"objects",,1,,,
,,,,,,,"Soot",,,,"top",,1,,,
,,,,,,,"Explosion_afterglow",,,,"top",,1,,,
,,,,,,,"Hit Ring1",,,,"top",,1,,,
,,,,,,,"Hit Particles5",,,,"top",,1,,,
,,,,,,,"Explosion_smoke3",,,,,,,,,
,,,,,,,"Hit Light1",,,,,,,,,
,,,,,,,"Explosion_ground",,,,,,,,,
,,,,,,,,,,,,,,,,
"Healer_area",,,"sfx/healing_05.wav",40,95,105,"healer_emblem_ring",,,,"ground",,1,,,
,,,,,,,"Heal_sparks",,,,,,,,,
"Heal area",,,"sfx/healing_05.wav",40,95,105,"Explosion_flash",,,,"ground",,1,,,
,,,,,,,"heal_emblem_ring",,,,,,,,,
,,,,,,,"Hit Ring1",,,,,,,,,
,,,,,,,"Explosion_ground",,,,,,,,,
,,,,,,,"Explosion_afterglow",,,,,,,,,
,,,,,,,,,,,,,,,,
,,,,,,,,,,,,,,,,
"Heal area top",,,,,,,"HealRedCrosses",,,,"top",,1,,,
,,,,,,,"HealRedCrosses2",,,,,,,,,
"Wind Leafs West",,,,,,,"WindLeavesW",,,,"objects",,1,,,
"Wind Leafs East",,,,,,,"WindLeavesE",,,,"objects",,1,,,
"Wind Leafs South",,,,,,,"WindLeavesS",,,,"objects",,1,,,
"Remove Tree",,,,,,,"RemoveTree",,,,"objects",,,,,
"Tree Pickup",,,"sfx/tree8.wav",90,100,100,"PickupTree",,,,"top",,1,,,
,,,,,,,,,,,,,,,,
"Snowfall West",,,,,,,"SnowFallW",,,,"objects",,1,,,
,,,,,,,"SnowPuffW",,,,"objects",,1,,,
"Snowfall East",,,,,,,"SnowFallE",,,,"objects",,1,,,
,,,,,,,"SnowPuffE",,,,"objects",,1,,,
,,,,,,,,,,,,,,,,
"SnowPuffW",,,,,,,"SnowPuffW",,,,"objects",,1,,,
,,,,,,,,,,,,,,,,
"SnowPuffE",,,,,,,"SnowPuffE",,,,"objects",,1,,,
,,,,,,,,,,,,,,,,
,,,,,,,,,,,,,,,,
"Assault Troop Attack",,,"sfx/assault_troop_shoot_01.wav",50,90,110,"Muzzle Flash rifle",,"true",,"objects","true",1,"true",,"true"
,,,,,,,"MachineGunShell",,,,,,,,,
"Assault Troop Hit",,,"sfx/assault_troop_bullet_hit_01.wav",40,90,110,"General_bullet_hit",,,,"objects",,1,,,
,,,,,,,,,,,,,,,,
"Heavy Gunner Attack",,,"sfx/heavy_fire_01.wav",50,95,105,"MachineGunShell",,"true",,"objects","true",1,"true",,"true"
,,,,,,,"MuzzleFlashHeavyGunner",,"true",,,,1,"true",,
,,,,,,,,,,,,,,,,
"Heavy Gunner Hit",,,"sfx/heavy_bullet_hit_01.wav",40,90,110,"General_bullet_hit",,,,"objects",,1,,,
,,,"sfx/heavy_bullet_hit_01.wav",30,90,110,"General_bullet_hit_smoke",,,,,,1,,,
,,,,,,,,,,,,,,,,
"Muzzle Flash Tower",,,"sfx/assault_troop_shoot_01.wav",50,90,110,"Muzzle_flash_tower",,"true",,"objects","true",1,"true",210,
,,,,,,,,,,,,,,,,
"Bazooka Unit Attack",,,"sfx/bazooka_troop_fire_01.wav",50,90,110,"LaunchRocket_smoke",,"true",,"objects",,1,,,"true"
,,,,,,,,,,,,,,,,
"Bazooka Unit Hit",,,"sfx/bazooka_hit_01.wav",50,90,110,"Soot",,,,"objects",,1,,,
,,,,,,,"Smoke2",,,,,,1,,,
,,,,,,,"Reef_debris_bricks_dark_small",,,,,,1,,,
,,,,,,,"Explosion_afterglow_small",,,,,,,,,
,,,,,,,"Hit_flash",,,,,,,,,
,,,,,,,"Explosion_tiny",,,,,,,,,
,,,,,,,"Attack_ground_flash_small",,,,,,,,,
"Attack Small Ground Flash",,,,,,,"Attack_ground_flash",,"true",,"ground",,,,,
"Attack Ground Flash",,,,,,,,,"true",,"ground",,,,,
,,,,,,,,,,,,,,,,
"Damaged Outpost 25%",,,,,,,"Smoke_Outpost_Continuous_25",,,,"objects",,,,900,
,,,,,,,,,,,,,,,,
"Damaged Outpost 50%",,,,,,,"Smoke_Outpost_Continuous_25",,,,"objects",,,,900,
,,,,,,,,,,,,,,,,
,,,,,,,,,,,,,,,,
"Damaged Outpost 75%",,,,,,,"Burning_Outpost_50",,,,"objects",,,,900,
,,,,,,,"Burning_Outpost_Additive_50",,,,,,,,,
,,,,,,,"Smoke_Outpost_Continuous_50",,,,,,,,,
"Damaged HQ 25%",,,,,,,"Smoke_Continuous_25",,,,"objects",,,,900,
,,,,,,,,,,,,,,,,
"Damaged HQ 50%",,,,,,,"Smoke_Continuous_25",,,,"objects",,,,900,
,,,,,,,,,,,,,,,,
,,,,,,,,,,,,,,,,
"Damaged HQ 75%",,,,,,,"Burning_Building_50",,,,"objects",,,,900,
,,,,,,,"Burning_Building_Additive_50",,,,,,,,,
,,,,,,,"Smoke_Continuous_50",,,,,,,,,
,,,,,,,,,,,,,,,,
"Building Destroyed",,,"sfx/building_destroyed_01.wav",70,85,95,"Hit Ring1",50,,,"objects",,1,,500,
,,,,,,,"Explosion_ground",,,,,,1,,,
,,,,,,,"Explosion_afterglow",,,,,,,,,
,,,,,,,"Explosion_smoke1",,,,,,,,,
,,,,,,,"Explosion_big",,,,,,,,,
,,,,,,,"Explosion_smoke2",,,,,,,,,
,,,,,,,"Explosion_spark1",,,,,,,,,
,,,,,,,"Explosion_sparks",,,,,,,,,
,,,,,,,"Explosion_blink",,,,,,,,,
"Empire HQ Damaged",,,,,,,"Hit Light2",,,,"objects",,,,,
,,,,,,,"Explosion_smoke5",,,,,,,,,
,,,,,,,"Explosion_sparks2",,,,,,,,,
,,,,,,,,,,,,,,,,
"Building Destroyed Wooden",,,"sfx/building_destroyed_01.wav",70,85,95,"Hit Ring1",50,,,"objects",,1,,500,
,,,,,,,"Explosion_afterglow",,,,,,,,,
,,,,,,,"Explosion_smoke1",,,,,,,,,
,,,,,,,"Explosion_medium",,,,,,,,,
,,,,,,,"Explosion_spark1",,,,,,,,,
,,,,,,,"Explosion_2",,,,,,,,,
,,,,,,,"Explosion_sparks",,,,,,,,,
,,,,,,,"Reef_debris_wood_big2",,,,,,,,,
,,,,,,,"Reef_debris_wood_big",,,,,,,,,
,,,,,,,"Reef_debris_wood_big",,,,,,,,,
,,,,,,,"Reef_debris_wood_small",,,,,,,,,
,,,,,,,"Explosion_blink",,,,,,,,,
,,,,,,,"Reef_debris_wood_big",,,,,,,,,
,,,,,,,,,,,,,,,,
"Building Destroyed Blue",,,"sfx/building_destroyed_01.wav",70,85,95,"Hit Ring1",50,,,"objects",,1,,500,
,,,,,,,"Explosion_ground",,,,,,1,,,
,,,,,,,"Explosion_afterglow",,,,,,,,,
,,,,,,,"Explosion_smoke1",,,,,,,,,
,,,,,,,"Explosion_small",,,,,,,,,
,,,,,,,"Explosion_spark1",,,,,,,,,
,,,,,,,"Explosion_2",,,,,,,,,
,,,,,,,"Explosion_sparks",,,,,,,,,
,,,,,,,"Reef_debris_wood_big2",,,,,,,,,
,,,,,,,"Reef_debris_tile_blue",,,,,,,,,
,,,,,,,"Explosion_blink",,,,,,,,,
,,,,,,,"Explosion_medium",,,,,,,,,
,,,,,,,,,,,,,,,,
"Building Destroyed Sawmill",,,"sfx/building_destroyed_01.wav",70,85,95,"Hit Ring1",50,,,"objects",,1,,500,
,,,,,,,"Explosion_ground",,,,,,1,,,
,,,,,,,"Explosion_radial_shine",,,,,,,,,
,,,,,,,"Explosion_afterglow",,,,,,,,,
,,,,,,,"Explosion_smoke1",,,,,,,,,
,,,,,,,"Explosion_medium",,,,,,,,,
,,,,,,,"Explosion_spark1",,,,,,,,,
,,,,,,,"Explosion_2",,,,,,,,,
,,,,,,,"Explosion_sparks",,,,,,,,,
,,,,,,,"Reef_debris_wood_big2",,,,,,,,,
,,,,,,,"Reef_debris_wood_big",,,,,,,,,
,,,,,,,"Reef_debris_wood_big2",,,,,,,,,
,,,,,,,"Reef_debris_tile_blue",,,,,,,,,
,,,,,,,"Reef_debris_tile_blue",,,,,,,,,
,,,,,,,"Reef_debris_wood_small",,,,,,,,,
,,,,,,,"Explosion_blink",,,,,,,,,
"Building Destroyed Vault",,,"sfx/building_destroyed_01.wav",70,85,95,"Hit Ring1",50,,,"objects",,1,,500,
,,,,,,,"Explosion_ground",,,,,,1,,,
,,,,,,,"Explosion_afterglow",,,,,,,,,
,,,,,,,"Explosion_smoke1",,,,,,,,,
,,,,,,,"Explosion_medium",,,,,,,,,
,,,,,,,"Explosion_spark1",,,,,,,,,
,,,,,,,"Explosion_sparks",,,,,,,,,
,,,,,,,"Reef_debris_wood_big",,,,,,,,,
,,,,,,,"Reef_debris_bricks_dark",,,,,,,,,
,,,,,,,"Reef_debris_bricks_dark2",,,,,,,,,
,,,,,,,"Explosion_blink",,,,,,,,,
,,,,,,,,,,,,,,,,
"Building Destroyed Stone",,,"sfx/building_destroyed_01.wav",70,85,95,"Hit Ring1",50,,,"objects",,1,,500,
,,,,,,,"Explosion_ground",,,,,,1,,,
,,,,,,,"Explosion_afterglow",,,,,,,,,
,,,,,,,"Explosion_smoke1",,,,,,,,,
,,,,,,,"Explosion_smoke_dispersing",,,,,,,,,
,,,,,,,"Explosion_medium",,,,,,,,,
,,,,,,,"Explosion_smoke2",,,,,,,,,
,,,,,,,"Explosion_sparks",,,,,,,,,
,,,,,,,"Reef_debris_bricks_dark_small",,,,,,,,,
,,,,,,,"Reef_debris_wood_small",,,,,,,,,
,,,,,,,"Reef_debris_bricks_dark",,,,,,,,,
,,,,,,,"Reef_debris_bricks_dark2",,,,,,,,,
,,,,,,,,,,,,,,,,
"Building Destroyed Metal",,,"sfx/building_destroyed_01.wav",70,85,95,"Hit Ring1",50,,,"objects",,1,,500,
,,,,,,,"Explosion_ground",,,,,,1,,,
,,,,,,,"Explosion_afterglow",,,,,,,,,
,,,,,,,"Explosion_smoke1",,,,,,,,,
,,,,,,,"Explosion_medium",,,,,,,,,
,,,,,,,"Hit Light1",,,,,,,,,
,,,,,,,"Explosion_smoke2",,,,,,,,,
,,,,,,,"Explosion_sparks",,,,,,,,,
,,,,,,,"Reef_debris_tile_green",,,,,,,,,
,,,,,,,,,,,,,,,,
"Empire Bunker Destroyed",,,"sfx/building_destroyed_01.wav",70,85,95,"Soot",50,,,"objects",,1,,500,
,,,,,,,"Reef_debris_tile_red_small",,,,,,1,,,
,,,,,,,"Hit Light1",,,,,,,,,
,,,,,,,"Reef_debris_wood_small",,,,,,,,,
,,,,,,,"Explosion_smoke_dispersing",,,,,,,,,
,,,,,,,"Explosion_smoke3",,,,,,,,,
,,,,,,,"Explosion_medium",,,,,,,,,
,,,,,,,"Reef_debris_bricks_dark_small",,,,,,,,,
,,,,,,,"Explosion_blink",,,,,,,,,
,,,,,,,"Explosion_sparks",,,,,,,,,
,,,,,,,,,,,,,,,,
"Empire HQ Destroyed",,,"sfx/building_destroyed_01.wav",70,85,95,"Explosion_radial_shine",80,,,"objects",,1,,500,
,,,,,,,"Hit Ring1",,,,,,1,,,
,,,,,,,"Explosion_ground",,,,,,,,,
,,,,,,,"Explosion_smoke_dispersing_big",,,,,,,,,
,,,,,,,"Explosion_afterglow",,,,,,,,,
,,,,,,,"Explosion_smoke1",,,,,,,,,
,,,,,,,"Reef_debris_tile_red",,,,,,,,,
,,,,,,,"Explosion_big_empireHQ",,,,"objects",,,,,
,,,,,,,"Reef_debris_bricks_dark",,,,,,,,,
,,,,,,,"Reef_debris_bricks_dark",,,,,,,,,
,,,,,,,"Reef_debris_bricks_dark",,,,,,,,,
,,,,,,,"Explosion_spark1",,,,,,,,,
,,,,,,,"Explosion_sparks",,,,,,,,,
,,,,,,,"Explosion_sparks",,,,,,,,,
,,,,,,,"Explosion_blink",,,,,,,,,
,,,,,,,"Explosion_1",,,,,,,,,
,,,,,,,"Explosion_multiple_small",,,,,,,,,
"Reef Mortar Hit",,,"sfx/mortar_hit_01.wav",80,95,105,"bomb_crater_mortar",50,"true",,"objects",,1,,,
,,,,,,,"Soot",,,,"top",,1,,,
,,,,,,,"Explosion_afterglow",,,,"top",,1,,,
,,,,,,,"Hit Ring1",,,,"top",,1,,,
,,,,,,,"Hit Particles5",,,,"top",,1,,,
,,,,,,,"Explosion_smoke3",,,,,,,,,
,,,,,,,"Hit Light1",,,,,,,,,
,,,,,,,"Explosion_ground",,,,,,,,,
"Reef Building Destroyed Halo",,,,,,,"Explosion_ground",,,,"ground",,,,,
,,,,,,,,,,,,,,,,
,,,,,,,,,,,,,,,,
"Flare1",,,"sfx/flare_02.wav",70,95,102,"Flare_light1",,,,"objects",,,,,
,,,,,,,"Flare_smoke1",,,,,,1,,,
,,,,,,,"Flare_sparks1",,,,,,1,,,
"Flare2",,,"sfx/flare_02.wav",70,95,102,"Flare_light2",,,,"objects",,,,,
,,,,,,,"Flare_smoke2",,,,,,1,,,
,,,,,,,"Flare_sparks2",,,,,,1,,,
"Flare3",,,"sfx/flare_02.wav",70,95,102,"Flare_light3",,,,"objects",,,,,
,,,,,,,"Flare_smoke3",,,,,,1,,,
,,,,,,,"Flare_sparks3",,,,,,1,,,
"Flare4",,,"sfx/flare_02.wav",70,95,102,"Flare_light4",,,,"objects",,,,,
,,,,,,,"Flare_smoke4",,,,,,1,,,
,,,,,,,"Flare_sparks4",,,,,,1,,,
"Flare5",,,"sfx/flare_02.wav",70,95,102,"Flare_light5",,,,"objects",,,,,
,,,,,,,"Flare_smoke5",,,,,,1,,,
,,,,,,,"Flare_sparks5",,,,,,1,,,
"Flare6",,,"sfx/flare_02.wav",70,95,102,"Flare_light6",,,,"objects",,,,,
,,,,,,,"Flare_smoke6",,,,,,1,,,
,,,,,,,"Flare_sparks6",,,,,,1,,,
"Flare7",,,"sfx/flare_02.wav",70,95,102,"Flare_light7",,,,"objects",,,,,
,,,,,,,"Flare_smoke7",,,,,,1,,,
,,,,,,,"Flare_sparks7",,,,,,1,,,
,,,,,,,,,,,,,,,,
"Flare building",,,,,,,"Laser_target",,,,"ground",,,,,
,,,,,,,,,,,,,,,,
"XP Gain",,,"sfx/xp_gain_06.wav",90,100,100,"XP Gain",,,,"top",,1,,,
"Building Ready",,,"sfx/building_finished_01.wav",100,100,100,"UpgradeCircle",,,,"ground",,1,,,
,,,,,,,"BuildingUpgrade",,,,,,,,,
,,,,,,,"UpgradeStar",,,,,,,,,
"Gunboat Ready",,,"sfx/building_finished_01.wav",100,100,100,"UpgradeCircleGunboat",,,,"ground",,1,,,
,,,,,,,"GunboatUpgrade",,,,,,,,,
,,,,,,,"UpgradeStar",,,,,,,,,
"Landingcraft Ready",,,"sfx/building_finished_01.wav",100,100,100,"UpgradeCircleLandingcraft",,,,"ground",,1,,,
,,,,,,,"LandingcraftUpgrade",,,,,,,,,
,,,,,,,"UpgradeStar",,,,,,,,,
,,,,,,,,,,,,,,,,
"Start Building",,,"sfx/building_construct_07.wav",100,100,100,"Smoke",,"true",,"top",,1,,,
,,,,,,,,,,,,,,,,
"TrainingFinished",,,"sfx/training_finished_03.wav",100,100,100,"TrainingFinished",,"true",,"top",,1,,,
"Sell Item",,,"sfx/sell_item_01.wav",70,100,100,,,,,,,1,,,
"Moving",,,"sfx/moving_07.wav",60,110,115,,,,,,,1,,,
"Illegal Position",,,"sfx/bad_move_06.wav",60,100,100,,,,,,,1,,,
,,,,,,,,,,,,,,,,
,,,,,,,,,,,,,,,,
,,,,,,,,,,,,,,,,
"Generic Placing",,,"sfx/build_placing.wav",50,100,100,"Place",,"true",,"top",,1,,,
"Generic Hit",,,,65,100,100,"DefenceHit",,,,"objects",,1,,,
,,,,,,,,,,,,,,,,
"Troop Deploy",,,"sfx/deploy_boat_01.wav",50,100,100,"Deploy Flag",,,,"objects",,1,,,
"Troop Deploy Assault Troop",,,"sfx/deploy_boat_01.wav",50,100,100,"Deploy Flag Assault Troop",,,,"objects",,1,,,
"Troop Deploy Heavy Gunner",,,"sfx/deploy_boat_01.wav",50,100,100,"Deploy Flag Heavy Gunner",,,,"objects",,1,,,
"Troop Deploy Bazooka Unit",,,"sfx/deploy_boat_01.wav",50,100,100,"Deploy Flag Bazooka Unit",,,,"objects",,1,,,
"Troop Deploy Demolition Troop",,,"sfx/deploy_boat_01.wav",50,100,100,"Deploy Flag",,,,"objects",,1,,,
"Troop Deploy Tank",,,"sfx/deploy_boat_01.wav",50,100,100,"Deploy Flag",,,,"objects",,1,,,
"Troop Deploy AI Unit",,,"sfx/deploy_boat_01.wav",50,100,100,"Deploy Flag",,,,"objects",,1,,,
"Assault Troop Disembark",,,"sfx/assault_troop_disembark_01.wav",50,95,100,,,,,,,1,,,
,,,"sfx/assault_troop_disembark_02.wav",50,95,100,,,,,,,1,,,
,,,"sfx/assault_troop_disembark_03.wav",50,95,100,,,,,,,1,,,
,,,"sfx/assault_troop_disembark_04.wav",50,95,100,,,,,,,1,,,
"Bazzoka Troop disembark",,,"sfx/bazooka_disembark_01.wav",40,95,100,,,,,,,1,,,
,,,"sfx/bazooka_disembark_02.wav",40,95,100,,,,,,,1,,,
,,,"sfx/bazooka_disembark_03.wav",40,95,100,,,,,,,1,,,
,,,"sfx/bazooka_disembark_04.wav",40,95,100,,,,,,,1,,,
"Heavy Gunner Disembark",,,"sfx/heavy_disembark_09.wav",50,95,100,,,,,,,1,,,
,,,"sfx/heavy_disembark_10.wav",50,95,100,,,,,,,1,,,
,,,"sfx/heavy_disembark_05.wav",50,95,100,,,,,,,1,,,
,,,"sfx/heavy_disembark_06.wav",50,95,100,,,,,,,1,,,
,,,"sfx/heavy_disembark_07.wav",50,95,100,,,,,,,1,,,
,,,"sfx/heavy_disembark_08.wav",50,95,100,,,,,,,1,,,
,,,"sfx/heavy_disembark_01.wav",50,95,100,,,,,,,1,,,
"Saboteur Disembark",,,"sfx/saboteur_disembark_01.wav",50,95,100,,,,,,,1,,,
,,,"sfx/saboteur_disembark_01.wav",50,95,100,,,,,,,1,,,
,,,"sfx/saboteur_disembark_01.wav",50,95,100,,,,,,,1,,,
,,,"sfx/saboteur_disembark_01.wav",50,95,100,,,,,,,1,,,
"Grenadier Disembark",,,"sfx/demo_disembark_01.wav",40,95,105,,,,,,,1,,,
,,,"sfx/demo_disembark_02.wav",40,95,105,,,,,,,1,,,
,,,"sfx/demo_disembark_03.wav",40,95,105,,,,,,,1,,,
,,,"sfx/demo_disembark_04.wav",40,95,105,,,,,,,1,,,
,,,"sfx/demo_disembark_05.wav",40,95,105,,,,,,,1,,,
,,,"sfx/demo_disembark_06.wav",40,95,105,,,,,,,1,,,
,,,"sfx/demo_disembark_07.wav",40,95,105,,,,,,,1,,,
"Medic Disembark",,,"sfx/medic_disembark_01.wav",50,98,104,,,,,,,1,,,
,,,"sfx/medic_disembark_02.wav",50,98,104,,,,,,,1,,,
,,,"sfx/medic_disembark_03.wav",50,98,104,,,,,,,1,,,
,,,"sfx/medic_disembark_04.wav",50,98,104,,,,,,,1,,,
"Assault Troop Die",,,"sfx/assault_troop_die_01.wav",70,100,110,"DeathSmall",,"true",,"objects",,1,,,
,,,"sfx/assault_troop_die_02.wav",70,100,110,,,"true",,,,1,,,
,,,"sfx/assault_troop_die_03.wav",70,100,110,,,"true",,,,1,,,
,,,"sfx/assault_troop_die_04.wav",70,100,110,,,"true",,,,1,,,
"Heavy Gunner Die",,,"sfx/heavy_die_01.wav",50,95,105,"DeathBig",,"true",,"objects",,1,,,
,,,"sfx/heavy_die_02.wav",50,95,105,,,,,,,1,,,
,,,"sfx/heavy_die_03.wav",50,95,105,,,,,,,1,,,
,,,"sfx/heavy_die_04.wav",50,95,105,,,,,,,1,,,
"Tank Die",,,"sfx/tank_die_01.wav",60,95,105,"DeathBig",,"true",,"objects",,1,,,
"Bazooka Unit Die",,,"sfx/bazooka_die_01.wav",50,95,105,"DeathSmall",,"true",,"objects",,1,,,
,,,"sfx/bazooka_die_02.wav",50,95,105,,,,,,,1,,,
,,,"sfx/bazooka_die_03.wav",50,95,105,,,,,,,1,,,
,,,"sfx/bazooka_die_04.wav",50,95,105,,,,,,,1,,,
"Healer Unit Die",,,"sfx/medic_die_01.wav",50,98,105,"DeathSmall",,"true",,"objects",,,,,
,,,"sfx/medic_die_02.wav",50,98,105,,,,,,,,,,
,,,"sfx/medic_die_03.wav",50,98,105,,,,,,,,,,
,,,"sfx/medic_die_04.wav",50,98,105,,,,,,,,,,
"Demolition Troop Die",,,"sfx/native_die_01.wav",40,95,102,"DeathSmall",,"true",,"objects",,1,,,
,,,"sfx/native_die_02.wav",40,95,102,,,,,,,,,,
,,,"sfx/native_die_03.wav",40,95,102,,,,,,,,,,
,,,"sfx/native_die_04.wav",40,95,102,,,,,,,,,,
"Grenadier Troop Die",,,"sfx/demo_die_01.wav",40,95,102,"DeathSmall",,"true",,"objects",,1,,,
,,,"sfx/demo_die_02.wav",40,95,102,,,,,,,,,,
,,,"sfx/demo_die_03.wav",40,95,102,,,,,,,,,,
,,,"sfx/demo_die_04.wav",40,95,102,,,,,,,,,,
,,,"sfx/demo_die_05.wav",40,95,102,,,,,,,,,,
,,,"sfx/demo_die_06.wav",40,95,102,,,,,,,,,,
"Collect Gold",,,"sfx/coins_collect_02.wav",40,100,100,"Collect Gold",,,,"top",,1,,,
"Collect Wood",,,"sfx/wood_collect_06.wav",50,100,100,"Collect Wood",,,,"top",,1,,,
"Collect Stone",,,"sfx/stone_collect_02.wav",50,100,100,"Collect Stone",,,,"top",,1,,,
"Collect Metal",,,"sfx/metal_collect_05.wav",50,100,100,"Collect Metal",,,,"top",,1,,,
"Weapon Deploy",,,"sfx/cannon.wav",50,100,100,"Deploy",,,,"objects",,1,,,
"Artillery Deploy",,,"sfx/artillery_02.wav",60,100,100,"Deploy",,,,"objects",,1,,,
"Collect Common Artifact",,,"sfx/find_artifact_01.wav",80,100,100,"Collect Common Artifact",,,,"top",,1,,,
"Collect Rare Artifact",,,"sfx/find_artifact_01.wav",80,100,100,"Collect Rare Artifact",,,,"top",,1,,,
"Collect Epic Artifact",,,"sfx/find_artifact_01.wav",80,100,100,"Collect Epic Artifact",,,,"top",,1,,,
"Collect Common Artifact Ice",,,"sfx/find_artifact_01.wav",80,100,100,"Collect Common Artifact Ice",,,,"top",,1,,,
"Collect Rare Artifact Ice",,,"sfx/find_artifact_01.wav",80,100,100,"Collect Rare Artifact Ice",,,,"top",,1,,,
"Collect Epic Artifact Ice",,,"sfx/find_artifact_01.wav",80,100,100,"Collect Epic Artifact Ice",,,,"top",,1,,,
"Collect Common Artifact Fire",,,"sfx/find_artifact_01.wav",80,100,100,"Collect Common Artifact Fire",,,,"top",,1,,,
"Collect Rare Artifact Fire",,,"sfx/find_artifact_01.wav",80,100,100,"Collect Rare Artifact Fire",,,,"top",,1,,,
"Collect Epic Artifact Fire",,,"sfx/find_artifact_01.wav",80,100,100,"Collect Epic Artifact Fire",,,,"top",,1,,,
"Collect Common Artifact Purple",,,"sfx/find_artifact_01.wav",80,100,100,"Collect Common Artifact Purple",,,,"top",,1,,,
"Collect Rare Artifact Purple",,,"sfx/find_artifact_01.wav",80,100,100,"Collect Rare Artifact Purple",,,,"top",,1,,,
"Collect Epic Artifact Purple",,,"sfx/find_artifact_01.wav",80,100,100,"Collect Epic Artifact Purple",,,,"top",,1,,,
"Collect Power Stone",,,"sfx/find_artifact_01.wav",80,100,100,"Collect Power Stone",,,,"top",,1,,,
,,,,,,,,,,,,,,,,
"Machine Gun Attack",,,"sfx/machinegun_attack_02.wav",90,95,105,"MachineGunNest Muzzle Streak 1",,"true",,"objects","true",1,"true",550,
,,,,,,,"MachineGunNest Muzzle Flash 1",,"true",,,"true",1,"true",550,
,,,,,,,"MachineGunShell",,"true",,,"true",,,,
"Machine Gun Attack 2",,,"sfx/machinegun_attack_02.wav",90,95,105,"MachineGunNest Muzzle Streak 2",,"true",,"objects","true",1,"true",1000,
,,,,,,,"MachineGunNest Muzzle Flash 2",,"true",,,"true",1,"true",1000,
,,,,,,,"MachineGunShell 2",,"true",,,"true",,,,
,,,,,,,,,,,,,,,,
,,,,,,,,,,,,,,,,
"Machine Gun Hit",,,"sfx/machinegun_impact_01.wav",50,95,105,"Bullet Hit",,,,"objects",,1,,,
,,,,,,,"Bullet Hit Ground",,,,"objects",,1,,,
,,,,,,,,,,,,,,,,
,,,,,,,,,,,,,,,,
,,,,,,,,,,,,,,,,
,,,,,,,,,,,,,,,,
"Steal Gold",,,"sfx/coins_collect_02.wav",50,100,100,"Steal Gold",,,,"top",,1,,,
"Steal Wood",,,"sfx/wood_collect_04.wav",50,100,100,"Steal Wood",,,,"top",,1,,,
"Steal Stone",,,"sfx/stone_collect_01.wav",50,100,100,"Steal Stone",,,,"top",,1,,,
"Steal Metal",,,"sfx/metal_collect_02.wav",50,100,100,"Steal Metal",,,,"top",,1,,,
,,,,,,,,,,,,,,,,
"Tank Hit",,,"sfx/tank_hit_01.wav",60,90,110,"Hit Ring1",,,,"top",,1,,,
,,,,,,,"Explosion_2",,,,"objects",,1,,,
,,,,,,,"Explosion_ground",,,,,,,,,
,,,,,,,"Soot",,,,,,,,,
,,,,,,,"Smoke2",,,,,,,,,
,,,,,,,"Reef_debris_bricks_dark_small",,,,,,,,,
,,,,,,,"Explosion_afterglow_small",,,,,,,,,
,,,,,,,"Hit_flash",,,,,,,,,
,,,,,,,"Explosion_medium",,,,,,,,,
,,,,,,,"Attack_ground_flash_small",,,,,,,,,
,,,,,,,"Reef_debris_bricks_dark_small",,,,,,,,,
,,,,,,,"Reef_debris_bricks_dark_small",,,,,,,,,
,,,,,,,"Attack_ground_flash",,,,,,,,,
,,,,,,,,,,,,,,,,
,,,,,,,,,,,,,,,,
,,,,,,,,,,,,,,,,
,,,,,,,,,,,,,,,,
,,,,,,,,,,,,,,,,
,,,,,,,,,,,,,1,,,
"Tank Attack",,,"sfx/tank_fire_01.wav",80,95,105,"tank_lightFlash",,,,"objects",,1,,,"true"
,,,,,,,"Tank_smoke",,,,,,1,,,
,,,,,,,"Tank_smoke_black",,,,,,,,,
,,,,,,,"Tank Light",,,,,,,,,
,,,,,,,"Tank_sparks",,,,,,,,,
,,,,,,,"MuzzleFlashTank",,,,,,1,,,
,,,,,,,"Tank_smoke_trail",,,,,,,,,
"Building Pickup",,,"sfx/build_pickup_05.wav",100,100,100,,,,,"top",,1,,,
,,,,,,,,,,,,,,,,
"Stone Pickup",,,"sfx/stone_collect_01.wav",100,100,100,,,,,"top",,1,,,
"Building Placing",,,"sfx/build_placing.wav",100,100,100,"Place",,"true",,"objects",,1,,,
,,,,,,,,,,,,,,,,
"Flame Tank Explosion",,,"sfx/tank_mine_01.wav",80,95,105,"Explosion_smoke1",75,"true",,"top",,1,,,
,,,,,,,"Explosion_2",,,,,,,,,
,,,,,,,"Explosion_flash",,,,,,,,,
,,,,,,,"Explosion_1",,,,,,1,,,
,,,,,,,"Explosion_4",,,,,,1,,,
,,,,,,,"explosion_blast",,,,,,1,,,
,,,,,,,"Explosion_radial_shine",,,,,,,,,
,,,,,,,"Hit Ring1",,,,,,,,,
,,,,,,,"Explosion_ground",,,,,,,,,
,,,,,,,"Explosion_smoke_dispersing_big",,,,,,,,,
,,,,,,,"Hit Ring1",,,,,,,,,
,,,,,,,"Explosion_ground",,,,,,,,,
,,,,,,,"Explosion_afterglow",,,,,,,,,
,,,,,,,"Explosion_smoke1",,,,,,,,,
,,,,,,,"Explosion_medium",,,,,,,,,
,,,,,,,"Hit Light1",,,,,,,,,
,,,,,,,"Explosion_smoke2",,,,,,,,,
,,,,,,,"Explosion_sparks",,,,,,,,,
,,,,,,,"Boom_cannon_explosion_additive_bigger",,,,,,,,,
,,,,,,,"Boom_cannon_explosion_slowdown_big",,,,,,,,,
,,,,,,,"Flame_debris",,,,,,,,,
,,,,,,,"tank_debree_2",,,,,,,,,
,,,,,,,"tank_debree",,,,,,,,,
,,,,,,,"Reef_debris_tile_green",,,,,,,,,
,,,,,,,"Hit Ring1",,,,,,,,,
"Super_Bomb",,,"sfx/tank_mine_01.wav",80,95,105,"bomb_crater_mortar",75,"true",,"objects",,1,,,
,,,,,,,"Explosion_afterglow",,,,"top",,1,,,
,,,,,,,"Hit Ring1",,,,"top",,1,,,
,,,,,,,"Stone",,,,"top",,1,,,
,,,,,,,"Explosion_smoke3",,,,,,,,,
,,,,,,,"Hit Light_Tall",,,,,,,,,
,,,,,,,"Explosion_ground",,,,,,,,,
,,,,,,,"Hit Ring1",,,,,,,,,
,,,,,,,"Explosion_2",,,,,,,,,
,,,,,,,"Explosion_sparks",,,,,,,,,
,,,,,,,"Explosion_tiny",,,,,,,,,
,,,,,,,"Smoke2",,,,,,,,,
"Super_Bomb ground",,,,,,,"bomb_crater_mortar",,,,,,1,,,
,,,,,,,,,,,,,,,,
"Bomb Exposion",,,"sfx/mine_explo_01.wav",70,95,105,"Stone",50,,,"objects",,1,,,
,,,,,,,"Attack_ground_flash_small",,,,,,,,,
,,,,,,,"Attack_ground_flash",,,,,,,,,
,,,,,,,"Hit Ring1",,,,"objects",,1,,,
,,,,,,,"Explosion_3",,,,,,1,,,
,,,,,,,"Smoke",,,,,,1,,,
"Bomb Exposion ground",,,,,,,"bomb_crater_small",,,,"ground",,1,,,
,,,,,,,,,,,,,,,,
"Cannon Attack",,,"sfx/cannon_08v2.wav",80,95,105,"cannon_lightFlash",,"true",,"objects",,1,,,
,,,,,,,"Cannon_flash",,"true",,,,1,,,
,,,,,,,"Mortar_sparks",,"true",,,,,,,
,,,,,,,"Explosion_tiny",,,,"objects",,,,,
"Cannon Attack Large",,,"sfx/cannon_08v2.wav",,85,95,"cannon_lightFlash2",,"true",,"objects",,1,,,
,,,,,,,"Cannon_flash2",,,,,,1,,,
,,,,,,,"Hit_flash",,,,,,,,,
,,,,,,,"Mortar_sparks",,,,,,,,,
,,,,,,,"Explosion_tiny",,,,,,1,,,
,,,,,,,,,,,,,,,,
"Cannon Hit",,,"sfx/mortar_hit_01.wav",100,95,105,"bomb_crater_mortar",,,,"ground",,1,,,
,,,,,,,"Reef_debris_bricks_dark",,,,"top",,,,,
,,,,,,,"Mortar_smoke",,,,,,,,,
,,,,,,,"Hit Ring1",,,,,,,,,
,,,,,,,"LaunchRocket_smoke",,,,"top",,,,,
,,,,,,,"Explosion_afterglow_small",,,,,,1,,,
,,,,,,,"Hit_flash",,,,"top",,,,,
"Mortar Attack",,,"sfx/mortar_fire_02_with_fall.wav",100,95,105,"Mortar_flash",,"true",,"objects",,1,,,
,,,,,,,"Mortar_lightFlash",,,,,,1,,,
,,,,,,,"Mortar_smoke",,,,,,1,,,
,,,,,,,"Mortar_sparks",,,,,,1,,,
,,,,,,,"Explosion_smoke_dispersing",,,,,,1,,,
,,,,,,,,,,,,,,,,
"Water Splash",,,,,,,"Water Splash1",,,,"top",,1,,,
,,,,,,,"Water Splash2",,,,,,1,,,
,,,,,,,"Water Drop1",,,,,,1,,,
"Water Craft Pickup",,,"sfx/water_craft_select_01.wav",100,100,100,,,,,"top",,1,,,
"Water Craft Placing",,,"sfx/water_craft_place_01.wav",100,100,100,"Place",,"true",,"objects",,1,,,
"Missile Attack",,,"sfx/rocket_launcher_fire_01.wav",80,95,105,"Mortar_flash",,"true",,"objects",,1,,,
,,,,,,,"cannon_lightFlash2",,,,,,,,,
,,,,,,,"Cannon_flash2",,,,,,,,,
,,,,,,,"Mortar_sparks",,,,,,,,,
,,,,,,,"Explosion_tiny",,,,,,,,,
,,,,,,,,,,,"ground",,,,,
"Missile Attack_Backside",,,,,,,"Launch_Stream",,"true",,"ground",,1,,,
,,,,,,,,,,,,,,,,
,,,,,,,,,,,,,,,,
"Missile Hit",,,"sfx/missile_hit_01.wav",80,95,105,"bomb_crater_mortar",30,"true",,"objects",,1,,,
,,,,,,,,,,,"top",,1,,,
,,,,,,,,,,,"top",,1,,,
,,,,,,,"Hit Ring1",,,,"top",,1,,,
,,,,,,,"Hit Particles5",,,,"top",,1,,,
,,,,,,,,,,,,,,,,
,,,,,,,"Hit Light1",,,,,,,,,
,,,,,,,"Upwards_Explosion",,,,,,,,,
,,,,,,,"Upwards_Explosion_Additive",,,,,,,,,
,,,,,,,,,,,,,,,,
"Boom Cannon Hit",,,"sfx/boom_cannon_hit_01.wav",80,95,105,"bomb_crater_mortar",,,,"objects",,1,,,
,,,,,,,"Reef_debris_bricks_dark",,,,,,1,,,
,,,,,,,"Explosion_smoke4",,,,,,,,,
,,,,,,,"Boom_cannon_explosion_additive",,,,,,1,,,
,,,,,,,,,,,,,,,,
,,,,,,,"LaunchRocket_smoke",,,,,,,,,
,,,,,,,"Explosion_afterglow",,,,,,1,,,
,,,,,,,"Shockwave",,,,,,,,,
,,,,,,,"Hit_flash",,,,"top",,,,,
,,,,,,,"Boom_cannon_explosion_slowdown",,,,,,1,,,
,,,,,,,,,,,,,,,,
,,,,,,,,,,,,,,,,
,,,,,,,,,,,,,,,,
"Boom Cannon Attack",,,"sfx/boom_cannon_01.wav",80,100,100,"cannon_lightFlash",,"true",,"objects",,1,,,
,,,,,,,"Cannon_flash",,,,,,,,,
,,,,,,,"Mortar_sparks",,,,,,,,,
,,,,,,,"Explosion_tiny",,,,,,1,,,
"Electricity_Shock_building",,,,70,95,105,"electricity_shock_building",,"true",,"ground",,1,,,
,,,,,,,,,,,,,,,,
"Electricity_Shock_troop",,,,70,95,105,"electricity_shock",,"true",,"ground",,1,,,
,,,,,,,,,,,,,,,,
"Stun HitTop",,,,70,95,105,"electricity",,"true",,"top",,1,,,
"Stun Hit_1",,,"sfx/stun_grenade_03.wav",70,95,105,"stun_ring_1",,"true",,"ground",,1,,,
,,,,,,,"Hit Ring1",,,,,,1,,,
,,,,,,,"stun_ring2",,,,,,1,,,
,,,,,,,"stun_sparks",,,,,,,,,
,,,,,,,"stun_sparks_2",,,,,,,,,
,,,,,,,"stun_sparks_2",,,,,,,,,
,,,,,,,"Cannon_smoke2",,,,,,,,,
,,,,,,,"Explosion_afterglow",,,,,,,,,
,,,,,,,"Explosion_ground",,,,,,,,,
"Stun Hit_2",,,"sfx/stun_grenade_03.wav",70,95,105,"stun_ring_2",,"true",,"ground",,1,,,
,,,,,,,"Hit Ring1",,,,,,1,,,
,,,,,,,"stun_ring2",,,,,,1,,,
,,,,,,,"stun_sparks",,,,,,,,,
,,,,,,,"stun_sparks_2",,,,,,,,,
,,,,,,,"stun_sparks_2",,,,,,,,,
,,,,,,,"Cannon_smoke2",,,,,,,,,
,,,,,,,"Explosion_afterglow",,,,,,,,,
,,,,,,,"Explosion_ground",,,,,,,,,
"Stun Hit_3",,,"sfx/stun_grenade_03.wav",70,95,105,"stun_ring_3",,"true",,"ground",,1,,,
,,,,,,,"Hit Ring1",,,,,,1,,,
,,,,,,,"stun_ring2",,,,,,1,,,
,,,,,,,"stun_sparks",,,,,,,,,
,,,,,,,"stun_sparks_2",,,,,,,,,
,,,,,,,"stun_sparks_2",,,,,,,,,
,,,,,,,"Cannon_smoke2",,,,,,,,,
,,,,,,,"Explosion_afterglow",,,,,,,,,
,,,,,,,"Explosion_ground",,,,,,,,,
"Stun Hit_4",,,"sfx/stun_grenade_03.wav",70,95,105,"stun_ring_4",,"true",,"ground",,1,,,
,,,,,,,"Hit Ring1",,,,,,1,,,
,,,,,,,"stun_ring2",,,,,,1,,,
,,,,,,,"stun_sparks",,,,,,,,,
,,,,,,,"stun_sparks_2",,,,,,,,,
,,,,,,,"stun_sparks_2",,,,,,,,,
,,,,,,,"Cannon_smoke2",,,,,,,,,
,,,,,,,"Explosion_afterglow",,,,,,,,,
,,,,,,,"Explosion_ground",,,,,,,,,
"Stun Hit_5",,,"sfx/stun_grenade_03.wav",70,95,105,"stun_ring_5",,"true",,"ground",,1,,,
,,,,,,,"Hit Ring1",,,,,,1,,,
,,,,,,,"stun_ring2",,,,,,1,,,
,,,,,,,"stun_sparks",,,,,,,,,
,,,,,,,"stun_sparks_2",,,,,,,,,
,,,,,,,"stun_sparks_2",,,,,,,,,
,,,,,,,"Cannon_smoke2",,,,,,,,,
,,,,,,,"Explosion_afterglow",,,,,,,,,
,,,,,,,"Explosion_ground",,,,,,,,,
"Stun Hit_6",,,"sfx/stun_grenade_03.wav",70,95,105,"stun_ring_6",,"true",,"ground",,1,,,
,,,,,,,"Hit Ring1",,,,,,1,,,
,,,,,,,"stun_ring2",,,,,,1,,,
,,,,,,,"stun_sparks",,,,,,,,,
,,,,,,,"stun_sparks_2",,,,,,,,,
,,,,,,,"stun_sparks_2",,,,,,,,,
,,,,,,,"Cannon_smoke2",,,,,,,,,
,,,,,,,"Explosion_afterglow",,,,,,,,,
,,,,,,,"Explosion_ground",,,,,,,,,
,,,,,,,,,,,,,,,,
,,,,,,,,,,,,,,,,
,,,,,,,,,,,,,,,,
,,,,,,,,,,,,,,,,
"Native Disembark",,,"sfx/native_deploy_01.wav",40,95,102,,,,,,,,,,
,,,"sfx/native_deploy_02.wav",40,95,102,,,,,,,,,,
,,,"sfx/native_deploy_03.wav",40,95,102,,,,,,,,,,
,,,"sfx/native_deploy_04.wav",40,95,102,,,,,,,,,,
"Ammo counter",,,"sfx/ammo_counter_01.wav",60,100,100,,,,,,,,,,
"Get extra ammo",,,"sfx/ammo_getmore_01.wav",70,100,100,,,,,,,,,,
"Collect Extra Vp",,,"sfx/take_townhall_01.wav",80,100,100,"Collect Extra Vp",,,,"top",,,,,
"Collect Vp",,,,80,100,100,"Collect Vp",,,,"top",,,,,
"Gunship Attack",,,,100,95,105,"Mortar_flash",,"true",,"objects",,1,,,
,,,,,,,"Mortar_lightFlash",,,,,,1,,,
,,,,,,,"Gunship_smoke",,,,,,1,,,
,,,,,,,"Mortar_sparks",,,,,,1,,,
,,,,,,,"Explosion_tiny",,,,,,1,,,
"Muzzle Flash Tower Roof",,,"sfx/assault_troop_shoot_01.wav",50,90,110,,,,,"objects",,1,,,
"Collect Diamonds",,,,40,100,100,"Collect Diamonds",,,,"top",,1,,,
,,,,,,,,,,,,,,,,
"Shock_Launcher",,,"sfx/boom_beach_stun_shoot_01.wav",70,95,105,"Shock_Launcher",,"true",,"top","true",1,"true",450,
,,,,,,,,,,,,,,,,
,,,,,,,"launcher_spark1",,"true",,"top","true",1,"true",350,
"Tree Pickup ice",,,"sfx/tree8.wav",90,100,100,,,,,"top",,1,,,
"Collect Intel",,,"sfx/take_townhall_01.wav",80,100,100,"Collect Intel",,,,"top",,,,,
"Collect Alliance VP",,,,80,100,100,"Collect Alliance VP",,,,"top",,,,,
"Flamer Attack",,,"sfx/flame_thrower_01.wav",80,95,105,"FireEndSmoke_flamer",,"true",,"objects",,1,,,
,,,,,,,"FireSpread_flamer",,"true",,,,,,,
,,,,,,,"FireWhite_flamer",,"true",,,,1,,,
,,,,,,,,,,,,,,,,
"Flamer Attack Solid",,,,,,,"FireSolid_flamer",,"true",,"ground",,1,,,
"Grenadier Hit",,,"sfx/grenade_explo_01.wav",80,95,105,"bomb_crater_mortar",50,"true",,"objects",,1,,,
,,,,,,,"Soot",,,,"top",,1,,,
,,,,,,,"Explosion_afterglow",,,,"top",,1,,,
,,,,,,,"Hit Ring1",,,,"top",,1,,,
,,,,,,,"Hit Particles5",,,,"top",,1,,,
,,,,,,,"Explosion_smoke3",,,,,,,,,
,,,,,,,"Hit Light1",,,,,,,,,
,,,,,,,"Explosion_ground",,,,,,,,,
"Grenadier Throwgrenade",,,"sfx/demo_throw_01.wav",50,90,110,,,,,,,,,,
,,,,,,,,,,,,,,,,
"FlamerTank Attack",,,"sfx/tank_flame_01.wav",80,95,105,"FireWhite_flamer2",,"true",,"objects",,1,,0,
,,,,,,,"FireEndSmoke_flamer2",,,,,,,,,
,,,,,,,"FireSpread_flamer2",,,,,,,,,
"Flamer Attack Solid2",,,,,,,"FireSolid_flamer2",,"true",,"ground",,1,,,
