"Name","TID","TownHallLevelMin","TownHallLevelMax"
"String","String","int","int"
"Hint 01","TID_HINT_WELCOME",1,1
"Hint 02","TID_HINT_COMPANY_HINT_1",2,20
"Hint 03","TID_HINT_COMPANY_HINT_2",2,20
"Hint 04","TID_HINT_COMPANY_HINT_3",2,20
"Hint 05","TID_HINT_COMPANY_HINT_4",2,20
"Hint 06","TID_HINT_COMPANY_HINT_5",2,20
"Hint 07","TID_HINT_COMPANY_HINT_6",2,20
"Hint 08","TID_HINT_DEFENSE_BONUS",2,20
"Hint 09","TID_HINT_ARTIFACTS_ARE_RANDOM",5,20
"Hint 10","TID_HINT_ARTIFACT_PIECES",5,20
"Hint 11","TID_HINT_OUTPOST_UPGRADES_1",3,20
"Hint 12","TID_HINT_OUTPOST_UPGRADES_2",3,20
"Hint 13","TID_HINT_PRESERVE_TROOPS_1",2,20
"Hint 14","TID_HINT_PRESERVE_TROOPS_2",2,20
"Hint 15","TID_HINT_HQ_VICTORY",2,20
"Hint 16","TID_HINT_HQ_DAMAGE",2,20
"Hint 17","TID_HINT_LANDING_CRAFT_UNIT_TYPE",2,20
"Hint 18","TID_HINT_LANDING_CRAFT_UNIT_REFUND",2,20
"Hint 19","TID_HINT_VAULT_1",2,20
"Hint 20","TID_HINT_VAULT_2",2,20
"Hint 21","TID_HINT_ENEMY_SPAWNING_1",2,20
"Hint 22","TID_HINT_ENEMY_SPAWNING_2",2,20
"Hint 23","TID_HINT_OUTPOST_BUILDING_MOVE",2,20
"Hint 24","TID_HINT_BOSS_REWARDS",2,20
"Hint 25","TID_HINT_RIFLEMAN_1",2,20
"Hint 26","TID_HINT_RIFLEMAN_1",2,20
"Hint 27","TID_HINT_HEAVY_1",2,20
"Hint 28","TID_HINT_ZOOKA_1",5,20
"Hint 29","TID_HINT_ZOOKA_1",5,20
"Hint 30","TID_HINT_WARRIOR_1",8,20
"Hint 31","TID_HINT_TANK_1",11,20
"Hint 32","TID_HINT_TOWER_1",2,20
"Hint 33","TID_HINT_MG_1",4,20
"Hint 34","TID_HINT_MORTAR_1",3,20
"Hint 35","TID_HINT_MORTAR_2",3,20
"Hint 36","TID_HINT_FLAMER_1",9,20
"Hint 37","TID_HINT_FLAMER_2",9,20
"Hint 38","TID_HINT_CANNON_1",6,20
"Hint 39","TID_HINT_CANNON_2",6,20
"Hint 40","TID_HINT_LAUNCHER_1",13,20
"Hint 41","TID_HINT_BOOM_1",12,20
"Hint 42","TID_HINT_RESIDENCE",2,20
"Hint 43","TID_HINT_SAWMILL",2,20
"Hint 44","TID_HINT_QUARRY",7,20
"Hint 45","TID_HINT_MINE",10,20
"Hint 46","TID_HINT_REPLAYS",2,20
"Hint 47","TID_HINT_ACHIEVEMENTS",2,20
"Hint 48","TID_HINT_GUNBOAT_ARTILLERY_1",2,20
"Hint 49","TID_HINT_GUNBOAT_ARTILLERY_2",2,20
"Hint 50","TID_HINT_GUNBOAT_FLARE_1",3,20
"Hint 51","TID_HINT_GUNBOAT_FLARE_2",3,20
"Hint 52","TID_HINT_GUNBOAT_MEDKIT_1",4,20
"Hint 53","TID_HINT_GUNBOAT_MEDKIT_2",4,20
"Hint 54","TID_HINT_GUNBOAT_STUN_1",7,20
"Hint 55","TID_HINT_GUNBOAT_STUN_2",7,20
"Hint 56","TID_HINT_GUNBOAT_BARRAGE_1",10,20
"Hint 57","TID_HINT_GUNBOAT_BARRAGE_2",10,20
"Hint 58","TID_HINT_UPGRADE_TROOPS",2,20
"Hint 59","TID_HINT_UPGRADE_DISABLED_1",2,20
"Hint 60","TID_HINT_UPGRADE_DISABLED_2",2,20
"Hint 61","TID_HINT_UPGRADE_DISABLED_3",2,20
"Hint 62","TID_HINT_UPGRADE_ENABLED_1",2,20
"Hint 63","TID_HINT_UPGRADE_ENABLED_2",2,20
"Hint 64","TID_HINT_UPGRADE_ENABLED_3",2,20
"Hint 65","TID_HINT_USE_GUNBOAT",2,20
"Hint 66","TID_HINT_UPGRADE_SIGN",2,20
"Hint 67","TID_HINT_EXTRA_VP",2,20
"Hint 68","TID_HINT_HARVEST_OUTPOST",3,20
"Hint 69","TID_HINT_RESOURCE_BOAT_CAP",2,20
"Hint 70","TID_HINT_LOOT_SNAPSHOT",2,20
"Hint 71","TID_HINT_SAVEGAMECENTER",2,5
"Hint 72","TID_HINT_VP_MATCHMAKING",2,20
"Hint 73","TID_HINT_DIVE_SPOT_SPAWN",9,20
"Hint 74","TID_HINT_TASK_FORCE_UNLOCK",2,5
