"Name","MinParticleCount","MaxParticleCount","EmissionTime","MinLife","MaxLife","MinHorizAngle","MaxHorizAngle","MinVertAngle","MaxVertAngle","MinSpeed","MaxSpeed","StartZ","Gravity","Inertia","StartScale","EndScale","MinRotate","MaxRotate","FadeOutTime","StartRadius","ParticleSwf","ParticleExportName","ScaleTimeline","OrientToMovement","OrientToParent","BounceFromGround","AdditiveBlend","RandomSpawnRadius"
"String","int","int","int","int","int","int","int","int","int","int","int","int","int","int","int","int","int","int","int","int","String","String","boolean","boolean","boolean","boolean","boolean","int"
"native_hit_flash",1,2,20,20,60,135,135,,,,,,,,10,600,,,10,-10,"sc/in-game.sc","electricity_sparks",,,,,"true",
"Warrior Hit Ring",1,1,1,400,450,0,0,0,0,1,1,10,,,1,50,0,0,250,,"sc/in-game.sc","mortar_hit_ring1","true",,,,,
"warrior_blink",1,1,1,60,80,,,,,1,1,100,0,,10,25,-30,30,0,,"sc/in-game.sc","explosion_blink",,,,,"true",
"magical sparks floating",10,10,10000,1000,3000,45,360,45,45,50,200,0,-400,25,60,40,,,200,,"sc/in-game.sc","electricity_sparks","true",,,,"true",
"stun_sparks_example",20,30,7000,200,300,,360,20,45,400,600,-50,-100,25,40,20,0,0,300,300,"sc/in-game.sc","electricity_sparks",,,,,"true",
"powercore_sparks_longer",100,100,300,20,1000,0,360,45,125,2000,6000,0,-400,10,70,20,,,300,,"sc/in-game.sc","electricity_sparks","true",,,,"true",
"Warrior_sparks_longer",50,50,300,20,1000,0,360,45,125,2000,6000,0,-400,30,70,20,,,300,,"sc/in-game.sc","electricity_sparks","true",,,,"true",
"Warrior_sparks",3,3,1,20,1000,0,360,45,125,2000,6000,0,-400,30,30,20,,,300,,"sc/in-game.sc","electricity_sparks","true",,,,"true",
"XP Gain",20,20,800,1500,1700,135,135,80,100,3200,4000,0,100,10,100,100,0,0,100,,"sc/in-game.sc","collectibles_xp","true",,,,,
"Smoke",6,6,100,400,1500,0,360,45,90,4000,5000,,,300,100,240,-15,15,600,0,"sc/in-game.sc","s1","true",,,,,
,,,,,,,,,,,,,,,,,,,,,,"s2",,,,,,
,,,,,,,,,,,,,,,,,,,,,,"s3",,,,,,
,,,,,,,,,,,,,,,,,,,,,,"s4",,,,,,
,,,,,,,,,,,,,,,,,,,,,,"d3",,,,,,
"smokescreen_ring_1",3,3,200,9000,9000,0,360,,100,8,8,11,1,10,60,70,-30,30,1000,,"sc/in-game.sc","smokescreen_ring","true",,,,,
"Explosion_smokescreen_1",3,3,1,9000,9000,0,360,,100,20,20,11,1,10,650,685,-30,30,600,,"sc/in-game.sc","smokescreen_puff","true",,,,,
"smokescreen_edge_1",4,4,200,9000,9000,0,360,,100,12,12,11,1,10,600,650,-30,30,600,,"sc/in-game.sc","smokescreen_shadow","true",,,,,
"smokescreen_area_1",1,1,1,9000,9000,,,,,,,10,,,100,100,,,590,,"sc/in-game.sc","smokescreen_area","true",,,,,
"smokescreen_ring_2",3,3,200,10000,10000,0,360,,100,8,8,11,1,10,89,99,-30,30,1000,,"sc/in-game.sc","smokescreen_ring","true",,,,,
"Explosion_smokescreen_2",3,3,1,10000,10000,0,360,,100,20,20,11,1,10,620,650,-30,30,600,,"sc/in-game.sc","smokescreen_puff","true",,,,,
"smokescreen_edge_2",4,4,200,10000,10000,0,360,,100,12,12,11,1,10,600,650,-30,30,600,,"sc/in-game.sc","smokescreen_shadow","true",,,,,
"smokescreen_area_2",1,1,1,10000,10000,,,,,,,10,,,100,100,,,590,,"sc/in-game.sc","smokescreen_area","true",,,,,
"smokescreen_ring_3",3,3,200,11200,11200,0,360,,100,8,8,11,1,10,89,99,-30,30,1000,,"sc/in-game.sc","smokescreen_ring","true",,,,,
"Explosion_smokescreen_3",3,3,1,11200,11200,0,360,,100,20,20,11,1,10,620,650,-30,30,600,,"sc/in-game.sc","smokescreen_puff","true",,,,,
"smokescreen_edge_3",4,4,200,11200,11200,0,360,,100,12,12,11,1,10,600,650,-30,30,600,,"sc/in-game.sc","smokescreen_shadow","true",,,,,
"smokescreen_area_3",1,1,1,11200,11200,,,,,,,10,,,100,100,,,590,,"sc/in-game.sc","smokescreen_area","true",,,,,
"smokescreen_ring_4",3,3,200,12100,12100,0,360,,100,8,8,11,1,10,89,99,-30,30,1000,,"sc/in-game.sc","smokescreen_ring","true",,,,,
"Explosion_smokescreen_4",3,3,1,12100,12100,0,360,,100,20,20,11,1,10,620,650,-30,30,600,,"sc/in-game.sc","smokescreen_puff","true",,,,,
"smokescreen_edge_4",4,4,200,12100,12100,0,360,,100,12,12,11,1,10,600,650,-30,30,600,,"sc/in-game.sc","smokescreen_shadow","true",,,,,
"smokescreen_area_4",1,1,1,12100,12100,,,,,,,10,,,100,100,,,590,,"sc/in-game.sc","smokescreen_area","true",,,,,
"smokescreen_ring_5",3,3,200,13000,13000,0,360,,100,8,8,11,1,10,89,99,-30,30,1000,,"sc/in-game.sc","smokescreen_ring","true",,,,,
"Explosion_smokescreen_5",3,3,1,13000,13000,0,360,,100,20,20,11,1,10,620,650,-30,30,600,,"sc/in-game.sc","smokescreen_puff","true",,,,,
"smokescreen_edge_5",4,4,200,13000,13000,0,360,,100,12,12,11,1,10,600,650,-30,30,600,,"sc/in-game.sc","smokescreen_shadow","true",,,,,
"smokescreen_area_5",1,1,1,13000,13000,,,,,,,10,,,100,100,,,590,,"sc/in-game.sc","smokescreen_area","true",,,,,
"smokescreen_ring_6",3,3,200,14200,14200,0,360,,100,8,8,11,1,10,81,85,-30,30,1000,,"sc/in-game.sc","smokescreen_ring","true",,,,,
"Explosion_smokescreen_6",3,3,1,14200,14200,0,360,,100,20,20,11,1,10,660,685,-30,30,600,,"sc/in-game.sc","smokescreen_puff","true",,,,,
"smokescreen_edge_6",4,4,200,14200,14200,0,360,,100,12,12,11,1,10,600,650,-30,30,600,,"sc/in-game.sc","smokescreen_shadow","true",,,,,
"smokescreen_area_6",1,1,1,14200,14200,,,,,,,10,,,110,110,,,590,,"sc/in-game.sc","smokescreen_area","true",,,,,
,,,,,,,,,,,,,,,,,,,,,,,,,,,,
,,,,,,,,,,,,,,,,,,,,,,,,,,,,
"Grass",3,3,200,200,600,0,360,20,90,200,780,,3000,40,30,60,-30,30,300,200,"sc/in-game.sc","g1","true",,,,,
,,,,,,,,,,,,,,,,,,,,,,"g2",,,,,,
,,,,,,,,,,,,,,,,,,,,,,"g3",,,,,,
,,,,,,,,,,,,,,,,,,,,,,"g4",,,,,,
"Deploy",1,1,1,300,300,0,360,0,0,,,,,,1,120,,,100,,"sc/in-game.sc","pink_placeholder","true",,,,,
"Place",3,3,50,200,600,0,360,0,0,100,400,,0,50,0,130,0,30,200,100,"sc/in-game.sc","d1","true",,,,,
,,,,,,,,,,,,,,,,,,,,,,"d2",,,,,,
,,,,,,,,,,,,,,,,,,,,,,"d3",,,,,,
,,,,,,,,,,,,,,,,,,,,,,"d4",,,,,,
"DefenceHit",2,2,100,200,1000,0,360,45,90,4000,5000,,,300,50,100,-15,15,800,0,"sc/in-game.sc","s1","true",,,,,
,,,,,,,,,,,,,,,,,,,,,,"s2",,,,,,
,,,,,,,,,,,,,,,,,,,,,,"s3",,,,,,
,,,,,,,,,,,,,,,,,,,,,,"s4",,,,,,
"Flame_debris",20,40,50,50,2000,0,360,30,90,2000,6000,0,4000,10,40,1,20,90,500,50,"sc/in-game.sc","fire_debree",,,,"true","true",
,,,,,,,,,,,,,,,,,,,,,,"fire_debree_2",,,,,"true",
,,,,,,,,,,,,,,,,,,,,,,"fire_debree_3",,,,,"true",
,,,,,,,,,,,,,,,,,,,,,,"fire_debree",,,,,,
"tank_debree_2",4,20,250,1000,3000,0,360,30,90,800,6000,0,4000,10,100,120,20,90,800,50,"sc/in-game.sc","debris_red_door","true",,,"true",,
,,,,,,,,,,,,,,,,,,,,,,"debris_brick_white1",,,,,,
,,,,,,,,,,,,,,,,,,,,,,"debris_brick_black1",,,,,,
,,,,,,,,,,,,,,,,,,,,,,"debris_blue_tile",,,,,,
"tank_debree",5,20,250,1000,3000,0,360,30,90,800,6000,0,4000,10,100,120,20,90,800,50,"sc/in-game.sc","debris12","true",,,"true",,
,,,,,,,,,,,,,,,,,,,,,,"debris13",,,,,,
,,,,,,,,,,,,,,,,,,,,,,"debris17",,,,,,
,,,,,,,,,,,,,,,,,,,,,,"debris18",,,,,,
"Stone",5,5,250,1000,2200,0,360,30,90,800,1000,0,4000,10,100,120,20,90,800,50,"sc/in-game.sc","debris12","true",,,"true",,
,,,,,,,,,,,,,,,,,,,,,,"debris13",,,,,,
,,,,,,,,,,,,,,,,,,,,,,"debris17",,,,,,
,,,,,,,,,,,,,,,,,,,,,,"debris18",,,,,,
"Smoke_small",2,2,700,1000,2100,-9,9,2,2,400,800,200,-50,10,70,200,-40,-40,1000,130,"sc/in-game.sc","s1","true",,"true",,,
,,,,,,,,,,,,,,,,,,,,,,"s2",,,,,,
,,,,,,,,,,,,,,,,,,,,,,"s4",,,,,,
,,,,,,,,,,,,,,,,,,,,,,,,,,,,
"boom_cannon_trail",5,5,200,300,800,,,,,10,20,10,,,30,100,-90,90,300,,"sc/in-game.sc","s3",,,"true",,,
"Barrage_trail",10,15,200,800,800,,,,,10,20,10,,,20,80,-90,90,1500,,"sc/in-game.sc","barrage_smoke",,,"true",,,
,30,30,200,300,800,,,,,10,20,10,,,30,100,-90,90,300,,"sc/in-game.sc","s3",,,"true",,,
"cannon_trail",5,5,200,300,800,,,,,10,20,10,,,30,100,-90,90,300,,"sc/in-game.sc","s3",,,"true",,,
"mortar_trail",10,10,200,300,800,,,,,10,20,10,,,30,100,-90,90,500,,"sc/in-game.sc","s3",,,"true",,,
"Explosion_1",25,25,1,1000,1500,0,360,10,10,300,750,-50,-5,60,40,170,-50,50,2000,80,"sc/in-game.sc","d5","true",,,,,
"Explosion_2",12,12,1,500,1000,0,360,10,10,80,150,-40,-8,50,50,100,-30,30,800,50,"sc/in-game.sc","d4","true",,,,,
"Explosion_3",8,8,1,800,1200,,,80,100,200,1500,-25,0,30,40,120,0,30,1000,1,"sc/in-game.sc","d5","true",,,,,
"Explosion_4",15,15,1,1000,2000,0,360,45,90,2800,3800,35,-20,200,100,240,-15,15,2000,110,"sc/in-game.sc","d5","true",,,,,
"Explosion_flash",1,1,1,150,150,,,,,,,250,,,300,350,,,100,,"sc/in-game.sc","area_light","true",,,,"true",
"bomb_crater",1,1,1,100000,100000,0,0,0,0,0,0,0,0,0,200,200,0,0,3000,,"sc/in-game.sc","bomb_crater","true",,,,,
"bomb_crater_small",1,1,1,6500,6500,0,0,0,0,0,0,0,0,0,150,150,0,0,3000,,"sc/in-game.sc","bomb_crater2","true",,,,,
"bomb_crater_mortar",1,1,1,4000,6000,0,0,0,0,0,0,0,0,0,150,150,0,0,4000,,"sc/in-game.sc","bomb_crater2","true",,,,,
"explosion_blast",3,3,1,500,500,0,0,0,0,0,0,50,0,0,200,200,0,0,500,,"sc/in-game.sc","d4",,,,,"true",
"Stone_explosion",5,5,6,500,1000,0,360,30,90,2000,2500,0,4000,5,100,120,20,90,100,50,"sc/in-game.sc","debris12","true","true",,"true",,
,,,,,,,,,,,,,,,,,,,,,,"debris13",,,,,,
,,,,,,,,,,,,,,,,,,,,,,"debris17",,,,,,
"healer_emblem_ring",1,1,1,200,200,,,,,,,,,,88,100,,,300,,"sc/in-game.sc","healer_emblem_ring","true",,,,"true",
"heal_emblem_ring",1,1,1,7500,7500,,,,,,,,,,136,139,,,1000,,"sc/in-game.sc","heal_emblem_ring","true",,,,"true",
"heal_ring",1,1,1,7500,7500,,,,,,,,,,136,139,,,22000,,"sc/in-game.sc","heal_ring","true",,,,"true",
"heal_ring2",1,1,1,7500,7500,,,,,,,,,,136,136,,,50000,,"sc/in-game.sc","heal_ring","true",,,,"true",
"heal_ring4",18,18,7000,1500,1500,,,,,,,,,,140,153,,,5500,,"sc/in-game.sc","heal_ring","true",,,,"true",
"heal_ring5",1,1,1,7500,7500,,,,,,,40,,,190,190,,,25000,,"sc/in-game.sc","heal_ring","true",,,,"true",
"HealRedCrosses",10,20,7000,1800,2200,,,,,1,10,,,,20,147,,,15000,,"sc/in-game.sc","heal_ring","true",,,,"true",
,,,,,,,,,,,,,,,,,,,,,,,,,,,,
"stun_ring_1",1,1,120,1500,1500,,,,,,,,,,139,139,,,1000,2000,"sc/in-game.sc","emp_ring","false",,,,"true",
"stun_ring_2",1,1,120,1500,1500,,,,,,,,,,139,139,,,1000,2000,"sc/in-game.sc","emp_ring","false",,,,"true",
"stun_ring_3",1,1,120,1500,1500,,,,,,,,,,139,139,,,1000,2000,"sc/in-game.sc","emp_ring","false",,,,"true",
"stun_ring_4",1,1,120,1500,1500,,,,,,,,,,139,139,,,1000,2000,"sc/in-game.sc","emp_ring","false",,,,"true",
"stun_ring_5",1,1,120,1500,1500,,,,,,,,,,139,139,,,1000,2000,"sc/in-game.sc","emp_ring","false",,,,"true",
"stun_ring_6",1,1,120,1500,1500,,,,,,,,,,139,139,,,1000,2000,"sc/in-game.sc","emp_ring","false",,,,"true",
"stun_ring2",4,4,1000,700,700,,,,,,,,,,10,139,,,7000,3000,"sc/in-game.sc","emp_ring","true",,,,"true",
"electricity_spark1",20,30,800,100,300,0,360,20,45,2000,6000,0,-400,30,100,20,,,300,,"sc/in-game.sc","electricity_sparks","true",,,,"true",
"stun_sparks",20,30,7000,200,300,,360,20,45,400,600,-50,-100,25,40,20,0,0,300,300,"sc/in-game.sc","electricity_sparks",,,,,"true",
"stun_sparks_2",20,30,7000,200,300,,360,20,45,400,600,-100,-150,30,60,30,0,0,300,300,"sc/in-game.sc","electricity_sparks",,,,,"true",
"electricity",1,1,1,200,200,0,360,0,0,,,,,,100,200,,,100,,"sc/in-game.sc","electricity",,,,,,
"electricity_shock",1,1,1,200,200,0,360,0,0,,,,,,100,200,-20,20,100,100,"sc/in-game.sc","electricity_shock",,,,,,
,,,,,,,,,,,,,,,,,,,,,,,,,,,,
"electricity_shock_building",1,1,1,200,200,0,360,0,0,,,,,,300,400,-20,20,100,100,"sc/in-game.sc","electricity_shock",,,,,,
,,,,,,,,,,,,,,,,,,,,,,,,,,,,
"tank_lightFlash",1,1,1,180,180,0,0,0,0,,,30,0,0,70,50,0,0,100,0,"sc/in-game.sc","area_light","true",,"true",,"true",
"Tank_sparks",2,8,20,70,220,0,30,0,0,1000,3200,50,0,11,30,20,40,60,80,0,"sc/in-game.sc","explosion_sparks","true",,"true",,"true",
"Tank Light",1,2,10,100,160,0,360,90,90,1,1,30,0,0,200,50,130,160,40,0,"sc/in-game.sc","hit_light1","true",,"true",,"true",
"Tank_smoke_black",8,12,120,400,1650,-35,15,-5,5,90,500,0,-80,35,15,90,30,30,2000,0,"sc/in-game.sc","explosion_smoke1","true",,"true",,,
"MuzzleFlashTank",1,3,10,10,60,0,-90,,,1,2,0,,,90,170,,,10,0,"sc/in-game.sc","muzzle_flash_gfx1","true",,"true",,"true",
"Tank_smoke_trail",10,14,150,350,1700,-35,35,-5,5,100,600,0,-40,6,15,125,-40,90,4500,0,"sc/in-game.sc","d5","true",,"true",,,
"Tank_smoke",8,10,20,100,370,-15,15,-5,5,90,135,0,-850,15,15,100,-40,90,800,0,"sc/in-game.sc","d5","true",,"true",,,
,,,,,,,,,,,,,,,,,,,,,,,,,,,,
"Cannon_flash",5,5,120,700,850,-10,10,-5,5,500,500,160,,15,30,100,-40,90,2000,50,"sc/in-game.sc","d5","true",,"true",,,
"Cannon_smoke",15,15,30,1400,1800,-40,40,-40,40,-230,-500,70,-25,100,50,120,-180,180,4000,70,"sc/in-game.sc","d5","true",,"true",,,
,,,,,,,,,,,,,,,,,,,,,,,,,,,,
"cannon_lightFlash",1,1,1,180,180,,,,,,,60,,,70,50,,,100,,"sc/in-game.sc","area_light","true",,,,"true",
"Cannon_flash2",5,5,120,700,850,-10,10,-5,5,500,500,100,,15,30,150,-40,90,2000,70,"sc/in-game.sc","d5","true",,"true",,,
"Cannon_smoke2",15,15,30,1400,1800,-40,40,-40,40,-230,-500,100,-25,100,50,120,-180,180,4000,70,"sc/in-game.sc","d5","true",,"true",,,
"cannon_lightFlash2",1,1,1,180,180,,,,,,,100,,,70,100,,,100,,"sc/in-game.sc","area_light","true",,,,"true",
"Mortar_flash",6,6,,100,300,-10,10,-5,5,200,300,140,,15,20,70,-40,90,1000,10,"sc/in-game.sc","d5","true",,"true",,,
"Mortar_smoke",4,4,30,1900,2200,-10,10,-5,5,300,500,140,-25,100,50,100,-40,40,3000,10,"sc/in-game.sc","d5","true",,"true",,,
"Gunship_smoke",4,4,30,1900,2200,-10,10,-5,5,300,500,140,-25,90,100,50,-40,40,3000,10,"sc/in-game.sc","d5","true",,"true",,,
"Mortar_lightFlash",1,1,1,180,180,,,,,,,,,,100,150,,,100,,"sc/in-game.sc","area_light","true",,,,"true",
"Mortar_sparks",6,6,50,100,600,-10,10,-5,5,4000,10000,140,0,15,30,20,,,300,,"sc/in-game.sc","explosion_sparks","true",,"true",,"true",
"Flare_light1",50,50,6000,60,400,0,360,90,90,1,1,10,0,60,100,30,0,100,200,1,"sc/in-game.sc","flare0","true",,,,"true",
"Flare_smoke1",100,200,6000,1300,2200,0,0,70,110,100,260,10,-400,2,50,400,-40,40,5000,14,"sc/in-game.sc","flare0_smoke","true",,"true",,,
"Flare_sparks1",30,60,6000,400,600,0,360,60,90,400,1000,10,15,10,20,40,0,100,600,1,"sc/in-game.sc","flare0","true",,,,"true",
,,,,,,,,,,,,,,,,,,,,,,,,,,,,
"Flare_light2",70,70,8000,60,400,0,360,90,90,1,1,10,0,60,100,30,0,100,200,1,"sc/in-game.sc","flare0","true",,,,"true",
"Flare_smoke2",40,55,8000,1300,2200,0,0,70,110,100,260,10,-200,2,50,400,-40,40,4000,14,"sc/in-game.sc","flare0_smoke","true",,"true",,,
"Flare_sparks2",40,80,8000,400,600,0,360,60,90,400,1000,10,15,10,20,40,0,100,600,1,"sc/in-game.sc","flare0","true",,,,"true",
,,,,,,,,,,,,,,,,,,,,,,,,,,,,
"Flare_light3",100,100,11000,60,400,0,360,90,90,1,1,10,0,60,100,30,0,100,200,1,"sc/in-game.sc","flare0","true",,,,"true",
"Flare_smoke3",55,70,11000,1300,2200,0,0,70,110,100,260,10,-200,2,50,400,-40,40,4000,14,"sc/in-game.sc","flare0_smoke","true",,"true",,,
"Flare_sparks3",55,110,11000,400,600,0,360,60,90,400,1000,10,15,10,20,40,0,100,600,1,"sc/in-game.sc","flare0","true",,,,"true",
,,,,,,,,,,,,,,,,,,,,,,,,,,,,
"Flare_light4",150,150,15000,60,400,0,360,90,90,1,1,10,0,60,100,30,0,100,200,1,"sc/in-game.sc","flare0","true",,,,"true",
"Flare_smoke4",75,90,15000,1300,2200,0,0,70,110,100,260,10,-200,2,50,400,-40,40,4000,14,"sc/in-game.sc","flare0_smoke","true",,"true",,,
"Flare_sparks4",75,150,15000,400,600,0,360,60,90,400,1000,10,15,10,20,40,0,100,600,1,"sc/in-game.sc","flare0","true",,,,"true",
,,,,,,,,,,,,,,,,,,,,,,,,,,,,
"Flare_light5",200,200,20000,60,400,0,360,90,90,1,1,10,0,60,100,30,0,100,200,1,"sc/in-game.sc","flare0","true",,,,"true",
"Flare_smoke5",100,120,20000,1300,2200,0,0,70,110,100,260,10,-200,2,50,400,-40,40,4000,14,"sc/in-game.sc","flare0_smoke","true",,"true",,,
"Flare_sparks5",100,200,20000,400,600,0,360,60,90,400,1000,10,15,10,20,40,0,100,600,1,"sc/in-game.sc","flare0","true",,,,"true",
,,,,,,,,,,,,,,,,,,,,,,,,,,,,
"Flare_light6",250,250,25000,60,400,0,360,90,90,1,1,10,0,60,100,30,0,100,200,1,"sc/in-game.sc","flare0","true",,,,"true",
"Flare_smoke6",130,150,25000,1300,2200,0,0,70,110,100,260,10,-200,2,50,400,-40,40,4000,14,"sc/in-game.sc","flare0_smoke","true",,"true",,,
"Flare_sparks6",125,250,25000,400,600,0,360,60,90,400,1000,10,15,10,20,40,0,100,600,1,"sc/in-game.sc","flare0","true",,,,"true",
,,,,,,,,,,,,,,,,,,,,,,,,,,,,
"Flare_light7",300,300,30000,60,400,0,360,90,90,1,1,10,0,60,100,30,0,100,200,1,"sc/in-game.sc","flare0","true",,,,"true",
"Flare_smoke7",150,180,30000,1300,2200,0,0,70,110,100,260,10,-200,2,50,400,-40,40,4000,14,"sc/in-game.sc","flare0_smoke","true",,"true",,,
"Flare_sparks7",150,300,30000,400,600,0,360,60,90,400,1000,10,15,10,20,40,0,100,600,1,"sc/in-game.sc","flare0","true",,,,"true",
,,,,,,,,,,,,,,,,,,,,,,,,,,,,
,,,,,,,,,,,,,,,,,,,,,,,,,,,,
"Area ring0",2,2,1,1200,3200,,,,,,,40,,,190,130,,,6000,,"sc/in-game.sc","area_light","true",,,,"true",
"Water Splash1",1,2,100,400,600,210,245,75,135,100,300,-50,1000,20,65,90,0,0,500,50,"sc/in-game.sc","water_splash2","true",,,,,
"Water Splash2",1,2,100,600,800,180,270,75,135,250,550,-50,1500,15,100,150,0,0,1000,100,"sc/in-game.sc","water_splash2","true",,,,,
"Water Drop1",10,20,80,100,600,180,270,75,135,600,1000,-40,2500,25,40,70,0,0,200,300,"sc/in-game.sc","water_drop1","true",,,,,
"Collect Gold",30,30,1900,1300,1450,-200,-70,0,0,2000,2200,,100,10,200,200,0,0,100,,"sc/in-game.sc","collectibles_gold",,,,,,
"Collect Wood",30,30,1900,1300,1450,-200,-70,0,0,2000,2200,,100,10,200,200,0,0,100,,"sc/in-game.sc","collectibles_wood",,,,,,
"Collect Stone",30,30,1900,1300,1450,-200,-70,0,0,2000,2200,,100,10,200,200,0,0,100,,"sc/in-game.sc","collectibles_stone",,,,,,
"Collect Metal",30,30,1900,1300,1450,-200,-70,0,0,2000,2200,,100,10,200,200,0,0,100,,"sc/in-game.sc","collectibles_metal",,,,,,
"Collect Common Artifact",1,1,300,1200,1400,180,270,70,90,2300,2400,,150,15,50,80,-20,20,200,,"sc/ui.sc","icon_artifact_common",,,,,,
"Collect Rare Artifact",1,1,400,1500,1700,180,270,70,90,2300,2400,,150,15,50,80,-20,20,200,,"sc/ui.sc","icon_artifact_rare",,,,,,
"Collect Epic Artifact",1,1,500,1800,2000,180,270,70,90,2300,2400,,150,15,50,80,-20,20,200,,"sc/ui.sc","icon_artifact_epic",,,,,,
"Collect Common Artifact Ice",1,1,300,1200,1400,180,270,70,90,2300,2400,,150,15,50,80,-20,20,200,,"sc/ui.sc","icon_artifact_common_ice",,,,,,
"Collect Rare Artifact Ice",1,1,400,1500,1700,180,270,70,90,2300,2400,,150,15,50,80,-20,20,200,,"sc/ui.sc","icon_artifact_rare_ice",,,,,,
"Collect Epic Artifact Ice",1,1,500,1800,2000,180,270,70,90,2300,2400,,150,15,50,80,-20,20,200,,"sc/ui.sc","icon_artifact_epic_ice",,,,,,
"Collect Common Artifact Fire",1,1,300,1200,1400,180,270,70,90,2300,2400,,150,15,50,80,-20,20,200,,"sc/ui.sc","icon_artifact_common_fire",,,,,,
"Collect Rare Artifact Fire",1,1,400,1500,1700,180,270,70,90,2300,2400,,150,15,50,80,-20,20,200,,"sc/ui.sc","icon_artifact_rare_fire",,,,,,
"Collect Epic Artifact Fire",1,1,500,1800,2000,180,270,70,90,2300,2400,,150,15,50,80,-20,20,200,,"sc/ui.sc","icon_artifact_epic_fire",,,,,,
"Collect Common Artifact Purple",1,1,300,1200,1400,180,270,70,90,2300,2400,,150,15,50,80,-20,20,200,,"sc/ui.sc","icon_artifact_common_purple",,,,,,
"Collect Rare Artifact Purple",1,1,400,1500,1700,180,270,70,90,2300,2400,,150,15,50,80,-20,20,200,,"sc/ui.sc","icon_artifact_rare_purple",,,,,,
"Collect Epic Artifact Purple",1,1,500,1800,2000,180,270,70,90,2300,2400,,150,15,50,80,-20,20,200,,"sc/ui.sc","icon_artifact_epic_purple",,,,,,
"Collect Power Stone",1,1,500,1800,2000,180,270,70,90,2300,2400,,150,15,50,80,-20,20,200,,"sc/ui.sc","icon_artifact_power_stone",,,,,,
"Deploy Flag",1,1,1,15000,15000,0,360,0,0,,,,,,100,130,,,1000,,"sc/in-game.sc","deploy_flag",,,,,,
"Deploy Flag Assault Troop",1,1,1,15000,15000,0,360,0,0,,,,,,100,130,,,1000,,"sc/in-game.sc","deploy_flag_assault_troop",,,,,,
"Deploy Flag Heavy Gunner",1,1,1,15000,15000,0,360,0,0,,,,,,100,130,,,1000,,"sc/in-game.sc","deploy_flag_heavy_gunner",,,,,,
"Deploy Flag Bazooka Unit",1,1,1,15000,15000,0,360,0,0,,,,,,100,130,,,1000,,"sc/in-game.sc","deploy_flag_bazooka_unit",,,,,,
"Hit Ring1",1,1,1,400,450,0,0,0,0,1,1,10,,,15,300,0,0,250,,"sc/in-game.sc","mortar_hit_ring1","true",,,,,
"light_beam_powercell",2,2,300,700,700,0,360,45,90,10,10,170,0,50,600,400,0,0,3000,15,"sc/in-game.sc","hit_light_magic",,,,,"true",
"light_beam_powercore",2,2,300,700,700,0,360,45,90,10,10,250,0,50,1800,150,0,0,3000,15,"sc/in-game.sc","hit_light_magic",,,,,"true",
"hit_light_magic_longer",7,10,700,700,700,0,360,45,90,10,10,20,0,50,400,150,0,0,3000,15,"sc/in-game.sc","hit_light_magic",,,,,"true",
"hit_light_magic",2,2,125,130,250,0,360,85,90,1,1,20,0,15,400,150,0,0,200,15,"sc/in-game.sc","hit_light_magic",,,,,"true",
"Hit Light_Tall",2,0,125,20,100,0,360,85,90,1,1,20,0,15,200,150,0,0,200,15,"sc/in-game.sc","hit_ligh_tall",,,,,"true",
"Hit Light1",2,2,125,130,250,0,360,85,90,1,1,20,0,15,400,150,0,0,200,15,"sc/in-game.sc","hit_light1",,,,,"true",
"Hit Light2",1,2,10,100,160,0,360,90,90,1,1,250,0,0,200,50,0,0,40,0,"sc/in-game.sc","hit_light1",,,,,"true",
"Bullet Hit",2,2,10,200,300,0,360,33,90,400,500,10,400,,100,10,-90,90,50,15,"sc/in-game.sc","hit_particles_1","true",,,"true",,
"Bullet Hit Ground",2,2,10,200,300,0,360,85,95,2,4,10,0,20,100,10,-3,3,50,25,"sc/in-game.sc","bullet_hit_ground","true",,,"true","true",
"Bazooka trail",1,1,30,120,200,0,0,0,0,0,0,0,0,0,5,100,0,0,50,33,"sc/in-game.sc","orange_dot1",,,,,,
"Muzzle Streak 2",1,1,5,30,99,0,360,0,0,1,2,80,,5,100,150,0,0,10,,"sc/in-game.sc","muzzle_streak2",,,,,"true",
"Muzzle Flash 2",1,1,5,30,99,0,360,0,0,1,2,80,,15,30,50,-2,2,10,,"sc/in-game.sc","muzzle_flash1",,,,,"true",
"Steal Gold",30,30,2000,900,1100,0,360,60,90,1200,1500,,1200,1,200,200,,,300,,"sc/in-game.sc","collectibles_gold",,,,,,
"Steal Wood",30,30,2000,900,1100,0,360,60,90,1200,1500,,1200,1,200,200,,,300,,"sc/in-game.sc","collectibles_wood",,,,,,
"Steal Stone",30,30,2000,900,1100,0,360,60,90,1200,1500,,1200,1,200,200,,,300,,"sc/in-game.sc","collectibles_stone",,,,,,
"Steal Metal",30,30,2000,900,1100,0,360,60,90,1200,1500,,1200,1,200,200,,,300,,"sc/in-game.sc","collectibles_metal",,,,,,
"Attack_ground_flash_magic_longer",1,1,1,300,500,,,,,1,1,,,,140,170,,,90,40,"sc/in-game.sc","muzzle_ground_flash_magic",,,"true",,"true",
"Attack_ground_flash_magic",1,1,1,80,90,,,,,1,1,,,,140,170,,,90,40,"sc/in-game.sc","muzzle_ground_flash_magic",,,"true",,"true",
"Attack_ground_flash_small",1,1,1,80,90,,,,,1,1,,,,140,170,,,90,40,"sc/in-game.sc","muzzle_ground_flash",,,"true",,"true",
"Attack_ground_flash",1,1,1,80,90,,,,,1,1,,,,150,200,,,90,60,"sc/in-game.sc","muzzle_ground_flash",,,"true",,"true",
"Muzzle Flash rifle",1,1,5,30,99,,,,,1,2,0,,,20,42,,,10,0,"sc/in-game.sc","muzzle_flash_small",,,"true",,"true",
"General_bullet_hit",1,1,9,30,50,0,360,0,180,1,2,30,,,20,70,0,100,,60,"sc/in-game.sc","muzzle_streak1","true",,,,"true",
"General_bullet_hit_smoke",2,2,10,200,300,0,360,33,90,400,500,10,400,,70,10,-90,90,400,60,"sc/in-game.sc","hit_particles_1","true",,,"true",,
"Muzzle_flash_tower",1,1,5,30,99,,,,,1,2,270,,,20,42,,,10,10,"sc/in-game.sc","muzzle_flash_small",,,"true",,"true",
"MachineGunNest Muzzle Streak 1",1,1,5,30,99,0,360,0,0,1,2,90,,5,40,60,0,0,10,,"sc/in-game.sc","muzzle_streak1",,,,,"true",
"MachineGunNest Muzzle Flash 1",1,1,5,30,99,0,360,0,0,1,2,90,,15,40,60,-2,2,10,,"sc/in-game.sc","muzzle_flash1",,,,,"true",
"MachineGunNest Muzzle Streak 2",1,1,5,30,99,0,360,0,0,1,2,120,,5,40,60,0,0,10,,"sc/in-game.sc","muzzle_streak1",,,,,"true",
"MachineGunNest Muzzle Flash 2",1,1,5,30,99,0,360,0,0,1,2,120,,15,40,60,-2,2,10,,"sc/in-game.sc","muzzle_flash1",,,,,"true",
"MachineGunShell",1,1,1,200,500,60,100,-15,15,1000,1500,65,3000,20,100,100,300,500,50,0,"sc/in-game.sc","machine_gun_shell","true",,"true","true",,
"MachineGunShell 2",1,1,1,200,500,60,100,-15,15,1000,1500,65,3000,20,100,100,300,500,50,0,"sc/in-game.sc","machine_gun_shell","true",,"true","true",,
"Explosion_tiny",1,1,1,400,550,,,85,95,1000,1500,120,0,5,30,80,-30,30,0,,"sc/in-game.sc","explosion_big","true",,,,,
"Explosion_small",1,1,1,400,550,,,85,95,1000,1500,100,-30,5,30,80,-30,30,0,,"sc/in-game.sc","explosion_big","true",,,,,
"Explosion_multiple_small_longer",10,10,2000,200,800,360,360,45,120,5000,10000,100,-200,200,40,100,-30,30,0,,"sc/in-game.sc","explosion_big","true",,,,,
"Explosion_multiple_small",3,6,1000,200,800,360,360,45,120,5000,10000,100,-200,200,40,50,-30,30,0,,"sc/in-game.sc","explosion_big","true",,,,,
"Explosion_medium",1,1,1,400,800,,,,,1,1,150,-30,,60,100,-30,30,0,,"sc/in-game.sc","explosion_big","true",,,,,
"explosion_big_powercell",1,1,1,1500,1500,,,,,1,1,150,-30,,70,10,-30,30,0,,"sc/in-game.sc","explosion_big_powercell","true",,,,"true",
"explosion_big_powercore",1,1,1,1500,1500,,,,,1,1,500,-30,,80,1000,-30,30,0,,"sc/in-game.sc","explosion_big_powercore","true",,,,"true",
"Explosion_big",1,1,1,600,1000,,,,,1,1,200,-30,,80,120,-30,30,0,,"sc/in-game.sc","explosion_big","true",,,,,
"Explosion_big_empireHQ",2,2,500,500,800,0,360,45,120,100,100,250,-100,20,70,300,-30,30,0,,"sc/in-game.sc","explosion_big_empireHQ","true",,,,,
"Launch_Stream",5,8,35,600,900,175,185,0,0,1200,1800,90,70,17,3,70,30,-190,1250,,"sc/in-game.sc","barrage_smoke","true",,"true",,,
"Launch_Stream2",9,13,120,500,640,178,183,0,0,1100,1500,90,70,17,10,35,30,-190,500,,"sc/in-game.sc","boom_cannon_explosion","true",,"true",,"true",
,,,,,,,,,,,,,,,,,,,,,,,,,,,,
"Explosion_smoke1",6,10,20,100,500,0,360,45,120,500,1000,250,-150,50,40,150,-30,30,800,,"sc/in-game.sc","explosion_smoke1","true",,,,,
"Explosion_smoke2",6,10,10,400,800,0,360,45,120,800,1000,0,-150,50,100,120,-80,80,800,,"sc/in-game.sc","explosion_smoke2","true",,,,,
"Explosion_smoke2",6,10,10,400,800,0,360,45,120,800,1000,0,-150,50,100,120,-80,80,800,,"sc/in-game.sc","explosion_smoke2","true",,,,,
"Explosion_smoke3",5,5,20,300,800,0,360,80,100,1200,2400,200,-400,40,50,100,-30,30,800,,"sc/in-game.sc","explosion_smoke1","true",,,,,
"Explosion_smoke4",8,11,240,850,1400,0,360,80,100,300,700,20,-300,23,1,180,-60,90,3000,,"sc/in-game.sc","explosion_smoke1","true",,,,,
"Explosion_smoke5",4,6,10,400,800,0,360,90,90,2000,2600,250,-150,40,30,70,-30,30,300,,"sc/in-game.sc","explosion_smoke1","true",,,,,
"Explosion_smoke6",8,12,20,700,1000,0,360,85,95,800,1200,-20,0,15,5,120,-60,90,900,,"sc/in-game.sc","explosion_smoke3","true",,,,,
"Explosion_smoke7",10,15,200,1400,2300,0,360,80,100,300,700,0,-700,10,-10,140,-60,90,1000,,"sc/in-game.sc","explosion_smoke1","true",,,,,
,,,,,,,,,,,,,,,,,,,,,,,,,,,,
,,,,,,,,,,,,,,,,,,,,,,,,,,,,
"Explosion_blink_powercore",1,1,1,60,80,,,,,1,1,400,0,,100,250,-30,30,0,,"sc/in-game.sc","explosion_blink",,,,,,
"Explosion_blink",1,1,1,60,80,,,,,1,1,100,0,,70,100,-30,30,0,,"sc/in-game.sc","explosion_blink",,,,,,
"Explosion_ground_powercore",1,1,1,80,90,,,,,1,1,,,,150,700,,,90,60,"sc/in-game.sc","explosion_ground","true",,,,"true",
"Explosion_ground",1,1,1,80,90,,,,,1,1,,,,150,200,,,90,60,"sc/in-game.sc","explosion_ground","true",,,,"true",
"Explosion_spark1",2,4,5,150,400,0,360,0,360,800,2000,50,,40,60,40,,,,,"sc/in-game.sc","explosion_spark1","true",,,,,
"Explosion_afterglow",1,1,1,1200,2000,,,,,1,1,,,,120,120,,,1800,0,"sc/in-game.sc","explosion_afterglow","true",,,,"true",
"Explosion_afterglow_small",1,1,1,100,600,,,,,1,1,,,,80,80,,,600,0,"sc/in-game.sc","explosion_afterglow","true",,,,"true",
"Heal_sparks",3,5,300,100,200,45,45,90,45,2000,6000,0,-400,30,20,10,,,300,,"sc/in-game.sc","explosion_sparks","true",,,,"true",
"Explosion_sparks",3,5,800,100,1000,0,360,45,125,2000,6000,0,-400,30,30,20,,,300,,"sc/in-game.sc","explosion_sparks","true",,,,"true",
"Explosion_sparks2",2,8,100,100,400,0,360,80,100,3000,8000,250,-400,15,30,20,,,80,,"sc/in-game.sc","explosion_sparks","true",,,,"true",
"Explosion_smoke_dispersing",1,1,1,200,600,45,45,0,,50,200,70,,,60,100,,,200,,"sc/in-game.sc","explosion_smoke_dispersing","true",,,,,
"Explosion_smoke_dispersing_big_2",1,1,1,800,1600,45,45,0,0,200,300,300,,,100,150,,,800,,"sc/in-game.sc","explosion_smoke_dispersing","true",,,,,
"Explosion_smoke_dispersing_big",1,1,1,800,1600,45,45,0,0,200,300,0,,,100,150,,,800,,"sc/in-game.sc","explosion_smoke_dispersing","true",,,,,
"Explosion_radial_shine",1,1,1,50,200,,,,,0,0,,,,100,150,,,300,0,"sc/in-game.sc","explosion_radial_shine","true",,,,"true",
,,,,,,,,,,,,,,,,,,,,,,,,,,,,
"Burning_Outpost_25",24,24,550,180,250,0,360,83,95,700,1000,130,-400,5,5,30,-190,120,190,,"sc/in-game.sc","fireball3a","true",,,,"true",60
"powercore smoke",70,70,10000,1300,2000,0,360,80,100,300,700,60,-500,23,60,250,-60,90,5000,,"sc/in-game.sc","explosion_smoke2","true",,,,,200
"Smoke_Outpost_Continuous_25",15,20,600,1300,2000,0,360,80,100,300,700,60,-300,23,100,200,-60,90,10000,,"sc/in-game.sc","explosion_smoke2","true",,,,,200
"Burning_Outpost_powercore",20,20,1000,180,230,0,360,75,105,550,950,350,-400,5,75,13,-50,80,190,,"sc/in-game.sc","fireball3a","true",,,,"true",111
"Burning_Outpost_50",20,20,600,180,230,0,360,75,105,550,950,150,-400,5,75,13,-50,80,190,,"sc/in-game.sc","fireball3a","true",,,,,111
"Burning_Outpost_Additive_50",40,40,600,230,300,0,360,75,105,550,950,125,-400,5,35,10,-50,80,190,,"sc/in-game.sc","fireball3a","true",,,,"true",111
"Smoke_Outpost_Continuous_50",15,20,240,1300,2000,0,360,80,100,300,700,60,-300,23,50,300,-60,90,12000,,"sc/in-game.sc","explosion_smoke2","true",,,,,50
,,,,,,,,,,,,,,,,,,,,,,,,,,,,
"Burning_Outpost_75",30,30,600,230,300,0,360,83,95,750,1200,150,-400,5,110,15,-50,80,190,,"sc/in-game.sc","fireball3a","true",,,,,140
"Burning_Outpost_Additive_75",100,100,600,300,400,0,360,83,95,750,1200,110,-400,5,60,12,-50,80,190,,"sc/in-game.sc","fireball3a","true",,,,"true",140
"Smoke_Outpost_Continuous_75",15,20,240,1300,2000,0,360,80,100,300,700,230,-300,23,50,300,-60,90,12000,,"sc/in-game.sc","explosion_smoke2","true",,,,,
,,,,,,,,,,,,,,,,,,,,,,,,,,,,
"Burning_Building_Sparks_25",24,24,550,180,250,0,360,83,95,700,1000,100,-400,5,5,40,-190,120,190,,"sc/in-game.sc","fireball3a","true",,,,"true",60
"Smoke_Continuous_25",15,20,600,1300,2000,0,360,80,100,300,700,40,-300,23,50,185,-60,90,10000,,"sc/in-game.sc","explosion_smoke2","true",,,,,200
,,,,,,,,,,,,,,,,,,,,,,,,,,,,
"Burning_Building_50",20,20,600,180,230,0,360,75,105,550,950,120,-400,5,90,16,-50,80,190,,"sc/in-game.sc","fireball3a","true",,,,,111
"Burning_Building_Additive_50",40,40,600,230,300,0,360,75,105,550,950,95,-400,5,45,15,-50,80,190,,"sc/in-game.sc","fireball3a","true",,,,"true",111
"Smoke_Continuous_50",15,20,240,1300,2000,0,360,80,100,300,700,40,-300,23,50,300,-60,90,12000,,"sc/in-game.sc","explosion_smoke2","true",,,,,50
,,,,,,,,,,,,,,,,,,,,,,,,,,,,
"Burning_Building_75",30,30,600,230,300,0,360,83,95,750,1200,120,-400,5,120,20,-50,80,190,,"sc/in-game.sc","fireball3a","true",,,,,140
"Burning_Building_Additive_75",100,100,600,300,400,0,360,83,95,750,1200,80,-400,5,70,20,-50,80,190,,"sc/in-game.sc","fireball3a","true",,,,"true",140
"Smoke_Continuous_75",15,20,240,1300,2000,0,360,80,100,300,700,200,-300,23,50,300,-60,90,12000,,"sc/in-game.sc","explosion_smoke2","true",,,,,
,,,,,,,,,,,,,,,,,,,,,,,,,,,,
"Upwards_Explosion",7,8,90,90,150,0,360,83,95,2000,3500,-20,-400,11,20,70,-50,80,90,,"sc/in-game.sc","fireball3e","true",,,,,
"Upwards_Explosion_Additive",6,8,90,90,150,0,360,83,95,1500,2400,-20,-400,11,10,50,-50,80,80,,"sc/in-game.sc","fireball3e","true",,,,"true",
,,,,,,,,,,,,,,,,,,,,,,,,,,,,
"Boom_cannon_explosion",5,8,5,170,200,0,360,0,360,300,500,50,0,10,15,75,-30,80,45,,"sc/in-game.sc","fireball3e","true",,,,,
"Boom_cannon_explosion_additive_bigger",10,10,30,100,600,0,360,80,100,1000,10000,0,-10,11,200,50,-30,80,100,,"sc/in-game.sc","fireball3e","true",,,,"true",
"Boom_cannon_explosion_slowdown_big",5,10,10,100,280,0,360,0,360,,,-10,-1000,0,600,10,-90,90,400,,"sc/in-game.sc","boom_cannon_explosion","true",,,,"true",
"Boom_cannon_explosion_additive",6,8,15,110,140,0,360,80,100,2000,3000,-100,-5,11,125,25,-30,80,100,,"sc/in-game.sc","fireball3e","true",,,,"true",
"Boom_cannon_explosion_slowdown",2,4,10,200,280,0,360,0,360,0,0,-10,-1000,0,90,45,-4,5,400,,"sc/in-game.sc","boom_cannon_explosion","true",,,,"true",
"Boom_cannon_explosion_linger",1,1,1,500,500,0,360,0,360,0,0,0,-20,0,35,35,0,0,200,,"sc/in-game.sc","SmokeLinger360","true",,,,,
"Shockwave",4,4,1,160,200,0,0,0,0,1,1,0,,,15,500,0,0,500,,"sc/in-game.sc","shockwave","true",,,,,
"Reef_debris_greenglass_powercell",4,10,300,200,1000,135,-45,0,30,700,4000,130,5000,30,70,100,-90,200,300,150,"sc/in-game.sc","Reef_debris_greenglass_powercore_2","true",,,"true",,
"Reef_debris_greenglass_powercore_2",7,10,300,2000,3000,135,-45,0,30,1200,3000,130,5000,10,70,100,-60,60,300,150,"sc/in-game.sc","Reef_debris_greenglass_powercore_2","true",,,"true",,
"Reef_debris_greenglass_powercore",7,10,400,2000,3000,135,-45,0,30,1200,3000,200,5000,10,120,50,-60,60,300,150,"sc/in-game.sc","Reef_debris_greenglass_powercore","true",,,"true",,
"Reef_debris_powercore",1,15,500,2000,800,135,-45,0,30,1200,3000,70,5000,10,200,300,-60,60,300,150,"sc/in-game.sc","debris_brick_black1","true",,,"true",,
"Reef_debris_bricks_dark",1,4,200,400,800,135,-45,0,30,1200,3000,70,5000,40,120,120,-60,60,100,150,"sc/in-game.sc","debris_brick_black1","true",,,"true",,
,,,,,,,,,,,,,,,,,,,,,,"debris_brick_black2",,,,,,
"Reef_debris_bricks_dark2",2,5,200,400,800,135,-45,0,30,1200,3000,100,7000,40,140,140,-120,120,100,100,"sc/in-game.sc","debris_brick_black1","true",,,"true",,
,,,,,,,,,,,,,,,,,,,,,,"debris_brick_black2",,,,,,
"Reef_debris_bricks_dark_small",1,3,200,400,800,135,-45,0,30,300,800,70,3000,5,100,90,-200,200,100,150,"sc/in-game.sc","debris_brick_black1","true",,,"true",,
,,,,,,,,,,,,,,,,,,,,,,"debris_brick_black2",,,,,,
"Reef_debris_wood_big",1,1,200,100,700,135,-45,0,90,800,2000,70,2000,30,100,80,-300,300,100,100,"sc/in-game.sc","debris_wood_big1","true",,,"true",,
,,,,,,,,,,,,,,,,,,,,,,"debris_wood_big2",,,,,,
"Reef_debris_wood_big2",3,6,200,100,700,135,-45,0,90,1300,2200,20,2000,20,120,100,-200,200,100,300,"sc/in-game.sc","debris_wood_big1","true",,,"true",,
,,,,,,,,,,,,,,,,,,,,,,"debris_wood_big2",,,,,,
,,,,,,,,,,,,,,,,,,,,,,,,,,,,
,,,,,,,,,,,,,,,,,,,,,,,,,,,,
"Reef_debris_wood_small",2,4,200,100,700,135,-45,0,90,800,2000,70,1000,20,100,80,-300,300,100,100,"sc/in-game.sc","debris_wood_small1","true",,,"true",,
,,,,,,,,,,,,,,,,,,,,,,"debris_wood_small2",,,,,,
,,,,,,,,,,,,,,,,,,,,,,"debris_wood_small3",,,,,,
"Reef_debris_tile_red",1,3,200,400,600,135,-45,0,45,1000,2000,70,5000,10,120,120,-150,150,50,200,"sc/in-game.sc","debris_red_door","true",,,"true",,
,,,,,,,,,,,,,,,,,,,,,,"debris_red_tile",,,,,,
,,,,,,,,,,,,,,,,,,,,,,"debris_black_pipe",,,,,,
,,,,,,,,,,,,,,,,,,,,,,,,,,,,
"Reef_debris_tile_red_small",1,3,200,300,700,135,-45,0,90,600,800,70,3000,5,100,90,-200,200,50,200,"sc/in-game.sc","debris_red_door","true",,,"true",,
,,,,,,,,,,,,,,,,,,,,,,"debris_red_tile",,,,,,
,,,,,,,,,,,,,,,,,,,,,,,,,,,,
"Reef_debris_tile_blue",3,5,200,100,700,135,-45,0,90,800,2000,70,2000,30,130,100,-300,300,100,300,"sc/in-game.sc","debris_blue_tile","true",,,"true",,
,,,,,,,,,,,,,,,,,,,,,,"debris_blue_tile2",,,,,,
,,,,,,,,,,,,,,,,,,,,,,"debris_blue_tile3",,,,,,
,,,,,,,,,,,,,,,,,,,,,,"debris_blue_tile4",,,,,,
"Reef_debris_tile_green",4,8,200,100,700,135,-45,0,60,800,2000,70,3000,20,150,140,-300,300,100,100,"sc/in-game.sc","debris_green_piece1","true",,,"true",,
,,,,,,,,,,,,,,,,,,,,,,"debris_green_piece2",,,,,,
,,,,,,,,,,,,,,,,,,,,,,"debris_green_piece3",,,,,,
"Hit_flash",1,1,1,40,70,,,,,,,-20,,,300,200,,,20,,"sc/in-game.sc","hit_flash1",,,,,"true",
,,,,,,,,,,,,,,,,,,,,,,"hit_flash2",,,,,,
,,,,,,,,,,,,,,,,,,,,,,,,,,,,
"Laser_target",1,1,1,200,1000,,,,,1,1,0,0,,80,100,0,0,1000,,"sc/in-game.sc","laser_beam_target","true",,,,"true",
,,,,,,,,,,,,,,,,,,,,,,,,,,,,
"Smoke2",2,2,100,400,1500,0,360,45,90,2000,3000,,,200,100,240,-15,15,600,0,"sc/in-game.sc","s1","true",,,,,
,,,,,,,,,,,,,,,,,,,,,,"s2",,,,,,
,,,,,,,,,,,,,,,,,,,,,,"s3",,,,,,
,,,,,,,,,,,,,,,,,,,,,,"d6",,,,,,
"Soot",1,1,1,2000,3000,,,,,,,0,,,200,200,,,2000,0,"sc/in-game.sc","soot",,,,,,
,,,,,,,,,,,,,,,,,,,,,,,,,,,,
"LaunchRocket_smoke",2,4,50,350,650,,,30,45,10,200,0,,15,10,40,,,1000,0,"sc/in-game.sc","buildingDestroyed_smokeDark2",,,"true",,,
,1,4,10,40,120,90,90,0,0,0,0,70,0,25,120,0,,,30,-50,"sc/in-game.sc","muzzle_flash_gfx1_back",,,"true",,,
,,,,,,,,,,,,,,,,,,,,,,"muzzle_flash_gfx3_back",,,"true",,,
,,,,,,,,,,,,,,,,,,,,,,"muzzle_flash_gfx8_back",,,"true",,,
,,,,,,,,,,,,,,,,,,,,,,,,,,,,
,,,,,,,,,,,,,,,,,,,,,,,,,,,,
"LaunchRocket_smokeBack",2,4,90,1000,1500,,,30,45,-50,-150,70,-30,25,0,40,,,4500,-50,"sc/in-game.sc","buildingDestroyed_smokeDark2",,,"true",,,
,,,,,,,,,,,,,,,,,,,,,,,,,,,,
"WallFalling",1,1,200,800,1800,,,,,,,,,,100,100,,,,100,"sc/in-game.sc","wall_falling1","true",,,,,
,,,,,,,,,,,,,,,,,,,,,,,,,,,,
"BuildingUpgrade",8,16,1500,400,800,,,,,,,,,,100,130,,,400,0,"sc/in-game.sc","upgrade_effect","true",,,,,
"UpgradeCircle",1,1,1,1600,2000,,,,,1,1,,,,220,320,,,4000,0,"sc/in-game.sc","explosion_flash",,,,,"true",
"LandingcraftUpgrade",8,16,1500,400,800,,,,,,,-50,,,100,130,,,400,0,"sc/in-game.sc","upgrade_effect_landingcraft","true",,,,,
"UpgradeCircleLandingcraft",1,1,1,1600,2000,,,,,1,1,-50,,,100,120,,,6000,0,"sc/in-game.sc","upgrade_flash_landingcraft",,,,,"true",
"UpgradeStar",10,20,1200,800,1000,0,360,0,0,600,700,,,30,30,80,0,0,400,100,"sc/in-game.sc","star","true",,,,"true",
"GunboatUpgrade",8,16,1500,400,800,,,,,,,0,,,100,130,,,400,0,"sc/in-game.sc","upgrade_effect_gunboat","true",,,,,
"UpgradeCircleGunboat",1,1,1,1600,2000,,,,,1,1,0,,,100,130,,,6000,0,"sc/in-game.sc","upgrade_flash_gunboat",,,,,"true",
,,,,,,,,,,,,,,,,,,,,,,,,,,,,
"TrainingFinished",10,20,200,200,600,0,360,,,200,800,,,,60,100,40,80,100,100,"sc/in-game.sc","star","true",,,,"true",
,,,,,,,,,,,,,,,,,,,,,,,,,,,,
,,,,,,,,,,,,,,,,,,,,,,,,,,,,
"MuzzleFlashHeavyGunner",1,3,10,10,60,0,-90,,,1,2,0,,,80,80,,,10,0,"sc/in-game.sc","muzzle_flash_gfx1",,,"true",,"true",
,,,,,,,,,,,,,,,,,,,,,,"muzzle_flash_gfx2",,,,,,
,,,,,,,,,,,,,,,,,,,,,,"muzzle_flash_gfx3",,,,,,
,,,,,,,,,,,,,,,,,,,,,,"muzzle_flash_gfx4",,,,,,
,,,,,,,,,,,,,,,,,,,,,,"muzzle_flash_gfx5",,,,,,
,,,,,,,,,,,,,,,,,,,,,,"muzzle_flash_gfx6",,,,,,
,,,,,,,,,,,,,,,,,,,,,,"muzzle_flash_gfx7",,,,,,
,,,,,,,,,,,,,,,,,,,,,,"muzzle_flash_gfx8",,,,,,
,,,,,,,,,,,,,,,,,,,,,,,,,,,,
,,,,,,,,,,,,,,,,,,,,,,,,,,,,
,,,,,,,,,,,,,,,,,,,,,,,,,,,,
"Hit Particles5",4,8,200,300,900,0,360,80,100,2000,4000,0,500,15,150,180,-90,90,50,33,"sc/in-game.sc","hit_particles_2","true",,,"true",,
"Hit ParticlesGrass",5,10,100,800,1600,0,360,70,110,400,800,80,400,10,70,70,-360,360,600,100,"sc/in-game.sc","g4",,,,"true",,
,,,,,,,,,,,,,,,,,,,,,,"g5",,,,,,
,,,,,,,,,,,,,,,,,,,,,,"grass_tuft",,,,,,
"DeathSmall",1,1,1,800,1500,0,0,90,90,0,20,0,-50,10,100,110,0,0,300,,"sc/in-game.sc","death_animation","true",,,,,
"DeathBig",1,1,1,800,1500,0,0,90,90,0,20,30,-50,0,150,170,0,0,300,,"sc/in-game.sc","death_animation","true",,,,,
,,,,,,,,,,,,,,,,,,,,,,,,,,,,
"HealRedCrosses",10,15,7000,2000,3000,,360,,90,200,300,-100,-150,25,120,150,0,0,300,300,"sc/in-game.sc","red_cross_rotate",,,,,,
"HealRedCrosses2",15,25,7000,1000,2000,,360,,90,400,500,-100,-150,30,60,80,0,0,300,300,"sc/in-game.sc","red_cross_rotate",,,,,,
,,,,,,,,,,,,,,,,,,,,,,,,,,,,
"WindLeavesW",4,6,800,800,2000,110,150,-15,15,500,2000,300,200,20,40,30,,,300,50,"sc/in-game.sc","leaves1","true",,,,,
,,,,,,,,,,,,,,,,,,,,,,"leaves2",,,,,,
,,,,,,,,,,,,,,,,,,,,,,"leaves3",,,,,,
,,,,,,,,,,,,,,,,,,,,,,"leaves4",,,,,,
"WindLeavesE",4,6,800,800,2000,-20,-60,-15,15,500,2000,300,200,20,40,30,,,300,50,"sc/in-game.sc","leaves1","true",,,,,
,,,,,,,,,,,,,,,,,,,,,,"leaves2",,,,,,
,,,,,,,,,,,,,,,,,,,,,,"leaves3",,,,,,
,,,,,,,,,,,,,,,,,,,,,,"leaves4",,,,,,
"WindLeavesS",4,6,800,800,2000,65,25,-15,15,500,2000,300,200,20,40,30,,,300,50,"sc/in-game.sc","leaves1","true",,,,,
,,,,,,,,,,,,,,,,,,,,,,"leaves2",,,,,,
,,,,,,,,,,,,,,,,,,,,,,"leaves3",,,,,,
,,,,,,,,,,,,,,,,,,,,,,"leaves4",,,,,,
"RemoveTree",50,80,200,800,2000,0,360,-15,15,500,2000,300,300,20,40,30,,,300,100,"sc/in-game.sc","leaves1","true",,,,,
,,,,,,,,,,,,,,,,,,,,,,"leaves2",,,,,,
,,,,,,,,,,,,,,,,,,,,,,"leaves3",,,,,,
,,,,,,,,,,,,,,,,,,,,,,"leaves4",,,,,,
"PickupTree",1,8,100,1200,3000,0,90,-15,15,200,300,400,50,10,40,30,,,600,100,"sc/in-game.sc","leaves1","true",,,,,
,,,,,,,,,,,,,,,,,,,,,,"leaves2",,,,,,
,,,,,,,,,,,,,,,,,,,,,,"leaves3",,,,,,
,,,,,,,,,,,,,,,,,,,,,,"leaves4",,,,,,
"FireWhite",5,6,450,900,900,,,,,800,1000,60,-8,15,20,40,-5,15,400,70,"sc/in-game.sc","fireball3b","true",,"true",,"true",
"Fire",4,5,450,900,1000,,,,,800,1000,60,-8,15,6,90,-5,15,400,70,"sc/in-game.sc","fireball3b","true",,"true",,"true",
"FireSolid",5,8,400,880,980,-3,3,-3,3,900,1300,60,-70,15,20,65,-100,200,400,70,"sc/in-game.sc","fireball3e","true",,"true",,,
"FireEndSmoke",2,4,375,1500,1850,-2,2,-2,2,600,1300,60,-20,17,10,130,,,500,70,"sc/in-game.sc","fireball3c","true",,"true",,,
"FireSpread",5,5,350,650,800,-3,3,-3,3,700,1100,60,-8,11,2,55,-20,100,500,70,"sc/in-game.sc","fireball3e","true",,"true",,"true",
,,,,,,,,,,,,,,,,,,,,,,,,,,,,
"FireWhite2",5,6,450,900,900,,,,,800,1000,80,-8,15,20,40,-5,15,400,70,"sc/in-game.sc","fireball3b","true",,"true",,"true",
"Fire2",4,5,450,900,1000,,,,,800,1000,80,-8,15,6,90,-5,15,400,70,"sc/in-game.sc","fireball3b","true",,"true",,"true",
"FireSolid2",5,8,400,880,980,-3,3,-3,3,900,1300,80,-70,15,20,65,-100,200,400,70,"sc/in-game.sc","fireball3e","true",,"true",,,
"FireEndSmoke2",2,4,375,1500,1850,-2,2,-2,2,600,1300,80,-20,17,10,130,,,500,70,"sc/in-game.sc","fireball3c","true",,"true",,,
"FireSpread2",5,5,350,650,800,-3,3,-3,3,700,1100,80,-8,11,2,55,-20,100,500,70,"sc/in-game.sc","fireball3e","true",,"true",,"true",
,,,,,,,,,,,,,,,,,,,,,,,,,,,,
,,,,,,,,,,,,,,,,,,,,,,,,,,,,
"Burning_sparks",3,5,800,600,1000,-5,5,45,20,8000,100000,0,-400,40,20,10,,,300,,"sc/in-game.sc","explosion_sparks","true",,,,"true",
"Character burning",2,5,1000,60,400,0,360,90,90,1,200,10,-20,20,50,100,-10,10,200,60,"sc/in-game.sc","fireball3_asset",,,,,"true",
"Collect Extra Vp",1,1,240,1800,2000,180,270,70,90,2300,2400,,150,15,50,80,-20,20,200,,"sc/ui.sc","icon_medal",,,,,,
"Collect Vp",1,1,300,1200,1400,180,270,70,90,600,700,,150,15,40,50,-20,20,200,,"sc/ui.sc","icon_medal",,,,,,
"Collect Diamonds",30,30,1900,1300,1450,-200,-70,0,0,2000,2200,,100,10,200,200,0,0,100,,"sc/ui.sc","icon_diamond_collectible",,,,,,
,,,,,,,,,,,,,,,,,,,,,,,,,,,,
"Shock_Launcher",1,1,2,170,200,0,0,0,0,1,2,160,,,100,100,0,0,10,0,"sc/in-game.sc","shock_launcher","true",,"true",,"true",
,,,,,,,,,,,,,,,,,,,,,,,,,,,,
,,,,,,,,,,,,,,,,,,,,,,,,,,,,
,,,,,,,,,,,,,,,,,,,,,,,,,,,,
,,,,,,,,,,,,,,,,,,,,,,,,,,,,
"launcher_spark1",20,30,50,200,600,0,360,20,45,0,10,145,-200,30,100,100,,,300,,"sc/in-game.sc","electricity_sparks","true",,"true",,"true",
,,,,,,,,,,,,,,,,,,,,,,,,,,,,
"SnowFallW",3,5,100,500,1700,65,90,-7,7,100,600,250,200,100,100,150,0,0,1600,50,"sc/in-game.sc","snow","true",,,,,
,,,,,,,,,,,,,,,,,,,,,,,,,,,,
"SnowPuffW",7,15,600,350,700,95,180,-30,30,500,2000,250,225,50,90,150,0,0,1600,50,"sc/in-game.sc","snowflakes","true",,,,,
,,,,,,,,,,,,,,,,,,,,,,,,,,,,
"SnowFallE",3,5,100,500,1700,-20,-60,-7,7,100,600,250,200,100,100,150,0,0,1600,50,"sc/in-game.sc","snow","true",,,,,
,,,,,,,,,,,,,,,,,,,,,,,,,,,,
"SnowPuffE",7,15,600,350,700,-20,-60,-30,30,500,2000,250,225,50,90,150,0,0,1600,50,"sc/in-game.sc","snowflakes","true",,,,,
"Collect Intel",1,1,240,1800,2000,180,270,70,90,2300,2400,,150,15,50,80,-20,20,200,,"sc/ui.sc","icon_intel",,,,,,
"Collect Alliance VP",1,1,240,1100,1300,180,270,70,90,2300,2400,,150,15,40,60,-20,20,100,,"sc/ui.sc","icon_alliance_point",,,,,,
,,,,,,,,,,,,,,,,,,,,,,,,,,,,
"FireWhite_flamer",10,13,900,900,900,,,,,1600,2000,60,-8,15,20,40,-5,15,400,70,"sc/in-game.sc","fireball3b","true",,"true",,"true",
"FireSolid_flamer",10,17,800,880,980,-3,3,-3,3,1800,2600,60,-70,15,20,65,-100,200,400,70,"sc/in-game.sc","fireball3e","true",,"true",,,
"FireEndSmoke_flamer",4,8,750,1500,1850,-2,2,-2,2,1200,2600,60,-20,17,10,130,,,500,70,"sc/in-game.sc","fireball3c","true",,"true",,,
"FireSpread_flamer",10,11,700,650,800,-3,3,-3,3,1400,2200,60,-8,11,2,55,-20,100,500,70,"sc/in-game.sc","fireball3e","true",,"true",,"true",
"SmokePuffBig",4,5,10,500,2000,0,90,45,90,10000,0,100,-600,30,20,250,-15,15,1000,20,"sc/in-game.sc","d5","true",,,,,
"SmokePuffHuge",10,10,1,1000,10000,0,90,45,90,10000,0,200,-300,7,250,700,-15,15,6000,110,"sc/in-game.sc","d5","true",,,,,
,,,,,,,,,,,,,,,,,,,,,,,,,,,,
"FireWhite_flamer2",10,13,900,900,900,-2,2,-2,2,1600,2000,130,-8,15,20,40,-5,15,400,140,"sc/in-game.sc","fireball3b","true",,"true",,"true",
"FireEndSmoke_flamer2",4,8,750,1500,1850,-2,2,-2,2,1200,2600,130,-20,17,10,130,,,500,140,"sc/in-game.sc","fireball3c","true",,"true",,,
"FireSpread_flamer2",10,11,700,650,800,-3,3,-3,3,1400,2200,130,-8,11,2,55,-20,100,500,140,"sc/in-game.sc","fireball3e","true",,"true",,"true",
"FireSolid_flamer2",10,17,800,880,980,-3,3,-3,3,1800,2600,130,-70,15,20,65,-100,200,400,140,"sc/in-game.sc","fireball3e","true",,"true",,,
